{
  "clairen": {
    "jab1": {
      "anim gif-src": "https://rivalsframedata.com/storage/fighter_attacks/small/Clairen/ClairenJab1.gif",
      "Startup": "Startup Window: 5",
      "FaF": "First Active Frame:  6",
      "Active": "Active Frames: 2",
      "Recovery": "Recovery: 20",
      "Damage": "Damage: 3(5)%",
      "Shield Stun": "Shield Stun: 3(5)",
      "shield advantage": null,
      "notes": null
    },
    "ftilt": {
      "anim gif-src": "https://rivalsframedata.com/storage/fighter_attacks/small/Clairen/ClairenFtilt.gif",
      "Startup": "Startup Window: 7",
      "FaF": "First Active Frame:  8",
      "Active": "Active Frames: 4",
      "Recovery": "Recovery: 23",
      "Damage": "Damage: 7(9)%",
      "Shield Stun": "Shield Stun: 6(8)",
      "shield advantage": null,
      "notes": null
    },
    "uptilt": {
      "anim gif-src": "https://rivalsframedata.com/storage/fighter_attacks/small/Clairen/ClairenUtilt.gif",
      "Startup": "Startup Window: 8",
      "FaF": "First Active Frame:  9",
      "Active": "Active Frames: 7",
      "Recovery": "Recovery: 19",
      "Damage": "Damage: 7(10)%",
      "Shield Stun": "Shield Stun: 6(9)",
      "shield advantage": null,
      "notes": null
    },
    "downtilt": {
      "anim gif-src": "https://rivalsframedata.com/storage/fighter_attacks/small/Clairen/ClairenDtilt.gif",
      "Startup": "Startup Window: 6",
      "FaF": "First Active Frame:  7",
      "Active": "Active Frames: 3",
      "Recovery": "Recovery: 15",
      "Damage": "Damage: 5(9)%",
      "Shield Stun": "Shield Stun: 5(8)",
      "shield advantage": null,
      "notes": null
    },
    "fStrong": {
      "anim gif-src": "https://rivalsframedata.com/storage/fighter_attacks/small/Clairen/ClairenFstrong.gif",
      "Startup": "Startup Window: 8+2(10)",
      "FaF": "First Active Frame:  11",
      "Active": "Active Frames: 4",
      "Recovery": "Recovery: 38",
      "Damage": "Damage: 9(13)%",
      "Shield Stun": "Shield Stun: 8(11)",
      "shield advantage": null,
      "notes": null
    },
    "UStrong": {
      "anim gif-src": "https://rivalsframedata.com/storage/fighter_attacks/small/Clairen/ClairenUstrong.gif",
      "Startup": "Startup Window: 9+2(11)",
      "FaF": "First Active Frame:  12",
      "Active": "Active Frames: 3",
      "Recovery": "Recovery: 33",
      "Damage": "Damage: 7(13)%",
      "Shield Stun": "Shield Stun: 6(11)",
      "shield advantage": null,
      "notes": null
    },
    "DStrong1": {
      "anim gif-src": "https://rivalsframedata.com/storage/fighter_attacks/small/Clairen/ClairenDstrong.gif",
      "Startup": "Startup Window: 3+4(7)",
      "FaF": "First Active Frame:  8",
      "Active": "Active Frames: 3",
      "Recovery": "Recovery: -",
      "Damage": "Damage: 9(13)%",
      "Shield Stun": "Shield Stun: 8(11)",
      "shield advantage": null,
      "notes": null
    },
    "DStrong2": {
      "anim gif-src": "https://rivalsframedata.com/storage/fighter_attacks/small/Clairen/ClairenDstrong.gif",
      "Startup": "Startup Window: 9",
      "FaF": "First Active Frame:  10",
      "Active": "Active Frames: 3",
      "Recovery": "Recovery: 27",
      "Damage": "Damage: 9(13)%",
      "Shield Stun": "Shield Stun: 8(11)",
      "shield advantage": null,
      "notes": null
    },
    "dashAttack": {
      "anim gif-src": "https://rivalsframedata.com/storage/fighter_attacks/small/Clairen/ClairenDashAttack.gif",
      "Startup": "Startup Window: 14",
      "FaF": "First Active Frame:  15",
      "Active": "Active Frames: 4",
      "Recovery": "Recovery: 24",
      "Damage": "Damage: 6(9)%",
      "Shield Stun": "Shield Stun: 5(8)",
      "shield advantage": "...",
      "notes": null
    },
    "Nspecial": {
      "anim gif-src": "https://rivalsframedata.com/storage/fighter_attacks/small/Clairen/ClairenNspecial.gif",
      "Startup": "Startup Window: 6+4(10)",
      "FaF": "First Active Frame:  11",
      "Active": "Active Frames: 2",
      "Recovery": "Recovery: 26",
      "Damage": "Damage: 6(12)",
      "Shield Stun": "Shield Stun: 5(8)",
      "shield advantage": "...",
      "notes": null
    },
    "Nspecial(Full)": {
      "anim gif-src": "https://rivalsframedata.com/storage/fighter_attacks/small/Clairen/ClairenNspecial(Full).gif",
      "Startup": "Startup Window: 205+30(235)",
      "FaF": "First Active Frame:  236",
      "Active": "Active Frames: 2",
      "Recovery": "Recovery: 90",
      "Damage": "Damage: 28",
      "Shield Stun": "Shield Stun: 13(Break)",
      "shield advantage": null,
      "notes": null
    },
    "Fspecial": {
      "anim gif-src": "https://rivalsframedata.com/storage/fighter_attacks/small/Clairen/ClairenFspecial.gif",
      "Startup": "Startup Window: 14+6+3(23)",
      "FaF": "First Active Frame:  24",
      "Active": "Active Frames: 3",
      "Recovery": "Recovery: 11+25(Landing:15)",
      "Damage": "Damage: 8(13)",
      "Shield Stun": "Shield Stun: 8(9)",
      "shield advantage": "...",
      "notes": null
    },
    "Dspecial": {
      "anim gif-src": "https://rivalsframedata.com/storage/fighter_attacks/small/Clairen/ClairenDspecial.gif",
      "Startup": "Startup Window: 6",
      "FaF": "First Active Frame:  7",
      "Active": "Active Frames: 17",
      "Recovery": "Recovery: 31",
      "Damage": "Damage: 9",
      "Shield Stun": "Shield Stun: -",
      "shield advantage": null,
      "notes": null
    },
    "Uspecial": {
      "anim gif-src": "https://rivalsframedata.com/storage/fighter_attacks/small/Clairen/ClairenUspecial.gif",
      "Startup": "Startup Window: 15",
      "FaF": "First Active Frame:  16",
      "Active": "Active Frames: 2,2,2,2,1",
      "Recovery": "Recovery: 18(Landing:20)",
      "Damage": "Damage: 1,1,1,1,1",
      "Shield Stun": "Shield Stun: 2",
      "shield advantage": "...",
      "notes": null
    },
    "Uspecial(Finisher)": {
      "anim gif-src": "https://rivalsframedata.com/storage/fighter_attacks/small/Clairen/ClairenUspecial(Finisher).gif",
      "Startup": "Startup Window: 10",
      "FaF": "First Active Frame:  11",
      "Active": "Active Frames: 5",
      "Recovery": "Recovery: 25(Landing:30)",
      "Damage": "Damage: 6(9)",
      "Shield Stun": "Shield Stun: 5(8)",
      "shield advantage": null,
      "notes": null
    },
    "Nair": {
      "anim gif-src": "https://rivalsframedata.com/storage/fighter_attacks/small/Clairen/ClairenNair.gif",
      "Startup": "Startup Window: 9",
      "FaF": "First Active Frame: 10",
      "Active": "Active Frames: 1,1,1,1,1,1,4",
      "Recovery": "Recovery: 12(Landing: 10)",
      "Damage": "Damage: 1(7),1(7),1(7),1(7),1(7),3(8)",
      "Shield Stun": "Shield Stun: 7(9)",
      "shield advantage": "Shield Advantage: -4(-2)",
      "notes": null
    },
    "Uair": {
      "anim gif-src": "https://rivalsframedata.com/storage/fighter_attacks/small/Clairen/ClairenUair.gif",
      "Startup": "Startup Window: 15",
      "FaF": "First Active Frame: 16",
      "Active": "Active Frames: 4",
      "Recovery": "Recovery: 26(Landing: 13)",
      "Damage": "Damage: 6(12)",
      "Shield Stun": "Shield Stun: 5(10)",
      "shield advantage": "Shield Advantage: -9(-4)",
      "notes": null
    },
    "Dair": {
      "anim gif-src": "https://rivalsframedata.com/storage/fighter_attacks/small/Clairen/ClairenDair.gif",
      "Startup": "Startup Window: 15",
      "FaF": "First Active Frame: 16",
      "Active": "Active Frames: 6",
      "Recovery": "Recovery: 27(Landing: 14)",
      "Damage": "Damage: 5(12)",
      "Shield Stun": "Shield Stun: 6(10)",
      "shield advantage": "Shield Advantage: -9(-5)",
      "notes": null
    },
    "Fair": {
      "anim gif-src": "https://rivalsframedata.com/storage/fighter_attacks/small/Clairen/ClairenFair.gif",
      "Startup": "Startup Window: 6",
      "FaF": "First Active Frame: 7",
      "Active": "Active Frames: 2,2",
      "Recovery": "Recovery: 22(Landing: 12)",
      "Damage": "Damage: 3(7),4(7)",
      "Shield Stun": "Shield Stun: 3(6),4(6)",
      "shield advantage": "Shield Advantage: -10(-7), -9(-7)",
      "notes": null
    },
    "Bair": {
      "anim gif-src": "https://rivalsframedata.com/storage/fighter_attacks/small/Clairen/ClairenBair.gif",
      "Startup": "Startup Window: 8",
      "FaF": "First Active Frame: 9",
      "Active": "Active Frames: 3",
      "Recovery": "Recovery: 23(Landing: 10)",
      "Damage": "Damage: 6(9)",
      "Shield Stun": "Shield Stun: 5(8)",
      "shield advantage": "Shield Advantage: -6(-3)",
      "notes": null
    },
    "grab": {
      "anim gif-src": "https://rivalsframedata.com/storage/fighter_attacks/small/Clairen/ClairenGrab.gif",
      "Startup": "Startup Window: 6",
      "FaF": "First Active Frame:  7",
      "Active": "Active Frames: 2",
      "Recovery": "Recovery: 23",
      "Damage": "Damage: -",
      "Shield Stun": "Shield Stun: -",
      "shield advantage": null,
      "notes": null
    },
    "DashGrab": {
      "anim gif-src": "https://rivalsframedata.com/storage/fighter_attacks/small/Clairen/ClairenDashGrab.gif",
      "Startup": "Startup Window: 9",
      "FaF": "First Active Frame:  10",
      "Active": "Active Frames: 2",
      "Recovery": "Recovery: 27",
      "Damage": "Damage: -",
      "Shield Stun": "Shield Stun: -",
      "shield advantage": null,
      "notes": null
    },
    "pivotGrab": {
      "anim gif-src": "https://rivalsframedata.com/storage/fighter_attacks/small/Clairen/ClairenPivotGrab.gif",
      "Startup": "Startup Window: 9",
      "FaF": "First Active Frame:  10",
      "Active": "Active Frames: 2",
      "Recovery": "Recovery: 30",
      "Damage": "Damage: -",
      "Shield Stun": "Shield Stun: -",
      "shield advantage": null,
      "notes": null
    }
  },
  "fleet": {
    "jab1": {
      "anim gif-src": "https://rivalsframedata.com/storage/fighter_attacks/small/Fleet/FleetJab1.gif",
      "Startup": "Startup Window: 5",
      "FaF": "First Active Frame:  6",
      "Active": "Active Frames: 2",
      "Recovery": "Recovery: 14",
      "Damage": "Damage: 3%",
      "Shield Stun": "Shield Stun: 3",
      "shield advantage": null,
      "notes": null
    },
    "jab2": {
      "anim gif-src": "https://rivalsframedata.com/storage/fighter_attacks/small/Fleet/FleetJab2.gif",
      "Startup": "Startup Window: 4",
      "FaF": "First Active Frame:  5",
      "Active": "Active Frames: 3",
      "Recovery": "Recovery: 15",
      "Damage": "Damage: 3%",
      "Shield Stun": "Shield Stun: 3",
      "shield advantage": null,
      "notes": null
    },
    "jab3": {
      "anim gif-src": "https://rivalsframedata.com/storage/fighter_attacks/small/Fleet/FleetJab3.gif",
      "Startup": "Startup Window: 5",
      "FaF": "First Active Frame:  6",
      "Active": "Active Frames: 4",
      "Recovery": "Recovery: 21",
      "Damage": "Damage: 6%",
      "Shield Stun": "Shield Stun: 5",
      "shield advantage": null,
      "notes": null
    },
    "Ftilt": {
      "anim gif-src": "https://rivalsframedata.com/storage/fighter_attacks/small/Fleet/FleetFtilt.gif",
      "Startup": "Startup Window: 10",
      "FaF": "First Active Frame:  11",
      "Active": "Active Frames: 3",
      "Recovery": "Recovery: 20",
      "Damage": "Damage: 7%",
      "Shield Stun": "Shield Stun: 6",
      "shield advantage": null,
      "notes": null
    },
    "Utilt": {
      "anim gif-src": "https://rivalsframedata.com/storage/fighter_attacks/small/Fleet/FleetUtilt.gif",
      "Startup": "Startup Window: 8",
      "FaF": "First Active Frame:  9",
      "Active": "Active Frames: 3,2,2,2",
      "Recovery": "Recovery: 15",
      "Damage": "Damage: 2,2,2,3%",
      "Shield Stun": "Shield Stun: 2,2,2,3",
      "shield advantage": "...",
      "notes": null
    },
    "Dtilt": {
      "anim gif-src": "https://rivalsframedata.com/storage/fighter_attacks/small/Fleet/FleetDtilt.gif",
      "Startup": "Startup Window: 9",
      "FaF": "First Active Frame:  10",
      "Active": "Active Frames: 3",
      "Recovery": "Recovery: 16",
      "Damage": "Damage: 6%",
      "Shield Stun": "Shield Stun: 5",
      "shield advantage": null,
      "notes": null
    },
    "Ustrong": {
      "anim gif-src": "https://rivalsframedata.com/storage/fighter_attacks/small/Fleet/FleetUstrong.gif",
      "Startup": "Startup Window: 16+4(20)",
      "FaF": "First Active Frame:  21",
      "Active": "Active Frames: 1",
      "Recovery": "Recovery: 32",
      "Damage": "Damage: 8(14)%",
      "Shield Stun": "Shield Stun: 7(12)",
      "shield advantage": "...",
      "notes": null
    },
    "Fstrong": {
      "anim gif-src": "https://rivalsframedata.com/storage/fighter_attacks/small/Fleet/FleetFstrong.gif",
      "Startup": "Startup Window: 18+4(22)",
      "FaF": "First Active Frame:  23",
      "Active": "Active Frames: 1",
      "Recovery": "Recovery: 32",
      "Damage": "Damage: 5(11)%",
      "Shield Stun": "Shield Stun: 5(9)",
      "shield advantage": "...",
      "notes": null
    },
    "Dstrong": {
      "anim gif-src": "https://rivalsframedata.com/storage/fighter_attacks/small/Fleet/FleetDstrong.gif",
      "Startup": "Startup Window: 6+10(16)",
      "FaF": "First Active Frame:  17",
      "Active": "Active Frames: 16",
      "Recovery": "Recovery: 18",
      "Damage": "Damage: 8(10)%",
      "Shield Stun": "Shield Stun: 9",
      "shield advantage": null,
      "notes": null
    },
    "DashAttack": {
      "anim gif-src": "https://rivalsframedata.com/storage/fighter_attacks/small/Fleet/FleetDashAttack.gif",
      "Startup": "Startup Window: 8",
      "FaF": "First Active Frame:  9",
      "Active": "Active Frames: 3,3,3",
      "Recovery": "Recovery: 23",
      "Damage": "Damage: 2,2,4%",
      "Shield Stun": "Shield Stun: 2,2,4",
      "shield advantage": null,
      "notes": null
    },
    "Nspecial": {
      "anim gif-src": "https://rivalsframedata.com/storage/fighter_attacks/small/Fleet/FleetNspecial.gif",
      "Startup": "Startup Window: 8",
      "FaF": "First Active Frame:  9",
      "Active": "Active Frames: -",
      "Recovery": "Recovery: 8",
      "Damage": "Damage: -",
      "Shield Stun": "Shield Stun: -",
      "shield advantage": "...",
      "notes": null
    },
    "Nspecial(Refill)": {
      "anim gif-src": "https://rivalsframedata.com/storage/fighter_attacks/small/Fleet/FleetNspecial(Refill).gif",
      "Startup": "Startup Window: 80",
      "FaF": "First Active Frame:  81",
      "Active": "Active Frames: -",
      "Recovery": "Recovery: 20",
      "Damage": "Damage: -",
      "Shield Stun": "Shield Stun: -",
      "shield advantage": "...",
      "notes": null
    },
    "Fspecial": {
      "anim gif-src": "https://rivalsframedata.com/storage/fighter_attacks/small/Fleet/FleetFspecial.gif",
      "Startup": "Startup Window: 27",
      "FaF": "First Active Frame:  28",
      "Active": "Active Frames: 1",
      "Recovery": "Recovery: 20",
      "Damage": "Damage: 5",
      "Shield Stun": "Shield Stun: 5",
      "shield advantage": "...",
      "notes": null
    },
    "Dspecial": {
      "anim gif-src": "https://rivalsframedata.com/storage/fighter_attacks/small/Fleet/FleetDspecial.gif",
      "Startup": "Startup Window: 32",
      "FaF": "First Active Frame:  33",
      "Active": "Active Frames: 1",
      "Recovery": "Recovery: 42(Landing: 5)",
      "Damage": "Damage: 7",
      "Shield Stun": "Shield Stun: 6",
      "shield advantage": "...",
      "notes": null
    },
    "Uspecial": {
      "anim gif-src": "https://rivalsframedata.com/storage/fighter_attacks/small/Fleet/FleetUspecial.gif",
      "Startup": "Startup Window: 10",
      "FaF": "First Active Frame:  11",
      "Active": "Active Frames: 2,1,14",
      "Recovery": "Recovery: 4,13(Landing:30)",
      "Damage": "Shield Stun: 4(8)",
      "Shield Stun": "...",
      "shield advantage": null,
      "notes": null
    },
    "Nair": {
      "anim gif-src": "https://rivalsframedata.com/storage/fighter_attacks/small/Fleet/FleetNair.gif",
      "Startup": "Startup Window: 4",
      "FaF": "First Active Frame: 5",
      "Active": "Active Frames: 16",
      "Recovery": "Recovery: 20(Landing: 9)",
      "Damage": "Damage: 6(9)",
      "Shield Stun": "Shield Stun: 5(8)",
      "shield advantage": "Shield Advantage: -5(-2)",
      "notes": null
    },
    "Uair": {
      "anim gif-src": "https://rivalsframedata.com/storage/fighter_attacks/small/Fleet/FleetUair.gif",
      "Startup": "Startup Window: 11",
      "FaF": "First Active Frame: 12",
      "Active": "Active Frames: 4",
      "Recovery": "Recovery: 25(Landing: 13)",
      "Damage": "Damage: 5(9)",
      "Shield Stun": "Shield Stun: 5(8)",
      "shield advantage": "Shield Advantage: -9(-6)",
      "notes": null
    },
    "Dair": {
      "anim gif-src": "https://rivalsframedata.com/storage/fighter_attacks/small/Fleet/FleetDair.gif",
      "Startup": "Startup Window: 17",
      "FaF": "First Active Frame: 18",
      "Active": "Active Frames: 1",
      "Recovery": "Recovery: 29(Landing: 15)",
      "Damage": "Damage: 6(11)",
      "Shield Stun": "Shield Stun: 5(9)",
      "shield advantage": "Shield Advantage: -11(-7)",
      "notes": null
    },
    "Fair": {
      "anim gif-src": "https://rivalsframedata.com/storage/fighter_attacks/small/Fleet/FleetFair.gif",
      "Startup": "Startup Window: 7",
      "FaF": "First Active Frame: 8",
      "Active": "Active Frames: 3,3,3,2",
      "Recovery": "Recovery: 20(Landing: 11)",
      "Damage": "Damage: 2,2,2,3",
      "Shield Stun": "Shield Stun: 2,2,2,3",
      "shield advantage": "Shield Advantage: -10, -10, -10, -9",
      "notes": null
    },
    "Bair": {
      "anim gif-src": "https://rivalsframedata.com/storage/fighter_attacks/small/Fleet/FleetBair.gif",
      "Startup": "Startup Window: 9",
      "FaF": "First Active Frame: 10",
      "Active": "Active Frames: 4",
      "Recovery": "Recovery: 24(Landing: 13)",
      "Damage": "Damage: 9(10)",
      "Shield Stun": "Shield Stun: 6(9)",
      "shield advantage": "Shield Advantage: -8(-5)",
      "notes": null
    },
    "Grab": {
      "anim gif-src": "https://rivalsframedata.com/storage/fighter_attacks/small/Fleet/FleetGrab.gif",
      "Startup": "Startup Window: 6",
      "FaF": "First Active Frame:  7",
      "Active": "Active Frames: 2",
      "Recovery": "Recovery: 23",
      "Damage": "Damage: -",
      "Shield Stun": "Shield Stun: -",
      "shield advantage": null,
      "notes": null
    },
    "DashGrab": {
      "anim gif-src": "https://rivalsframedata.com/storage/fighter_attacks/small/Fleet/FleetDashGrab.gif",
      "Startup": "Startup Window: 9",
      "FaF": "First Active Frame:  10",
      "Active": "Active Frames: 2",
      "Recovery": "Recovery: 27",
      "Damage": "Damage: -",
      "Shield Stun": "Shield Stun: -",
      "shield advantage": null,
      "notes": null
    },
    "PivotGrab": {
      "anim gif-src": "https://rivalsframedata.com/storage/fighter_attacks/small/Fleet/FleetPivotGrab.gif",
      "Startup": "Startup Window: 9",
      "FaF": "First Active Frame:  10",
      "Active": "Active Frames: 2",
      "Recovery": "Recovery: 30",
      "Damage": "Damage: -",
      "Shield Stun": "Shield Stun: -",
      "shield advantage": null,
      "notes": null
    }
  },
  "kragg": {
    "jab1": {
      "anim gif-src": "https://rivalsframedata.com/storage/fighter_attacks/small/Kragg/KraggJab1.gif",
      "Startup": "Startup Window: 5",
      "FaF": "First Active Frame:  6",
      "Active": "Active Frames: 2",
      "Recovery": "Recovery: 16",
      "Damage": "Damage: 3%",
      "Shield Stun": "Shield Stun: 3",
      "shield advantage": null,
      "notes": null
    },
    "jab2": {
      "anim gif-src": "https://rivalsframedata.com/storage/fighter_attacks/small/Kragg/KraggJab2.gif",
      "Startup": "Startup Window: 5",
      "FaF": "First Active Frame:  6",
      "Active": "Active Frames: 2",
      "Recovery": "Recovery: 13",
      "Damage": "Damage: 3%",
      "Shield Stun": "Shield Stun: 3",
      "shield advantage": null,
      "notes": null
    },
    "jab3": {
      "anim gif-src": "https://rivalsframedata.com/storage/fighter_attacks/small/Kragg/KraggJab3.gif",
      "Startup": "Startup Window: 5",
      "FaF": "First Active Frame:  6",
      "Active": "Active Frames: 3",
      "Recovery": "Recovery: 26",
      "Damage": "Damage: 6%",
      "Shield Stun": "Shield Stun: 5",
      "shield advantage": null,
      "notes": null
    },
    "uptilt": {
      "anim gif-src": "https://rivalsframedata.com/storage/fighter_attacks/small/Kragg/KraggUtilt.gif",
      "Startup": "Startup Window: 7",
      "FaF": "First Active Frame:  8",
      "Active": "Active Frames: 2,4",
      "Recovery": "Recovery: 21",
      "Damage": "Damage: 3(7)%",
      "Shield Stun": "Shield Stun: 3,6",
      "shield advantage": null,
      "notes": null
    },
    "ftilt": {
      "anim gif-src": "https://rivalsframedata.com/storage/fighter_attacks/small/Kragg/KraggFtilt.gif",
      "Startup": "Startup Window: 11",
      "FaF": "First Active Frame:  12",
      "Active": "Active Frames: 3",
      "Recovery": "Recovery: 18",
      "Damage": "Damage: 7%",
      "Shield Stun": "Shield Stun: 6",
      "shield advantage": null,
      "notes": null
    },
    "dtilt": {
      "anim gif-src": "https://rivalsframedata.com/storage/fighter_attacks/small/Kragg/KraggDtilt.gif",
      "Startup": "Startup Window: 5",
      "FaF": "First Active Frame:  6",
      "Active": "Active Frames: 3",
      "Recovery": "Recovery: 15",
      "Damage": "Damage: 7%",
      "Shield Stun": "Shield Stun: 6",
      "shield advantage": null,
      "notes": null
    },
    "fStrong": {
      "anim gif-src": "https://rivalsframedata.com/storage/fighter_attacks/small/Kragg/KraggFstrong.gif",
      "Startup": "Startup Window: 12+12(24)",
      "FaF": "First Active Frame:  25",
      "Active": "Active Frames: 5",
      "Recovery": "Recovery: 34",
      "Damage": "Damage: 18%",
      "Shield Stun": "Shield Stun: 15",
      "shield advantage": null,
      "notes": null
    },
    "uStrong": {
      "anim gif-src": "https://rivalsframedata.com/storage/fighter_attacks/small/Kragg/KraggUstrong.gif",
      "Startup": "Startup Window: 8+8(16)",
      "FaF": "First Active Frame:  17",
      "Active": "Active Frames: 5",
      "Recovery": "Recovery: 30",
      "Damage": "Damage: 16%",
      "Shield Stun": "Shield Stun: 14",
      "shield advantage": null,
      "notes": null
    },
    "dStrong": {
      "anim gif-src": "https://rivalsframedata.com/storage/fighter_attacks/small/Kragg/KraggDstrong.gif",
      "Startup": "Startup Window: 4+8(12)",
      "FaF": "First Active Frame:  13",
      "Active": "Active Frames: 6",
      "Recovery": "Recovery: 30",
      "Damage": "Damage: 10%",
      "Shield Stun": "Shield Stun: 9",
      "shield advantage": null,
      "notes": null
    },
    "DashAttack": {
      "anim gif-src": "https://rivalsframedata.com/storage/fighter_attacks/small/Kragg/KraggDAttack.gif",
      "Startup": "Startup Window: 9",
      "FaF": "First Active Frame:  10",
      "Active": "Active Frames: 8",
      "Recovery": "Recovery: 26",
      "Damage": "Damage: 8%",
      "Shield Stun": "Shield Stun: 7",
      "shield advantage": "...",
      "notes": null
    },
    "Nspecial(Rock)": {
      "anim gif-src": "https://rivalsframedata.com/storage/fighter_attacks/small/Kragg/KraggNspecial(Rock).gif",
      "Startup": "Startup Window: 6+9+20(35)",
      "FaF": "First Active Frame:  36",
      "Active": "Active Frames:",
      "Recovery": "Recovery: 7",
      "Damage": "Shield Stun: -",
      "Shield Stun": null,
      "shield advantage": null,
      "notes": null
    },
    "Nspecial(Grab)": {
      "anim gif-src": "https://rivalsframedata.com/storage/fighter_attacks/small/Kragg/KraggNspecial(Grab).gif",
      "Startup": "Startup Window: 6+9(15)",
      "FaF": "First Active Frame:  16",
      "Active": "Active Frames: 2",
      "Recovery": "Recovery: 28(Hit: 16)",
      "Damage": "Shield Stun: -",
      "Shield Stun": "...",
      "shield advantage": null,
      "notes": null
    },
    "RockThrow": {
      "anim gif-src": "https://rivalsframedata.com/storage/fighter_attacks/small/Kragg/KraggRockThrow.gif",
      "Startup": "Startup Window: 8",
      "FaF": "First Active Frame:  9",
      "Active": "Active Frames: -",
      "Recovery": "Recovery: 12",
      "Damage": "Damage: 8(Thrown Player: 4)",
      "Shield Stun": "Shield Stun: 7",
      "shield advantage": null,
      "notes": null
    },
    "Uspecial": {
      "anim gif-src": "https://rivalsframedata.com/storage/fighter_attacks/small/Kragg/KraggUspecial.gif",
      "Startup": "Startup Window: 13 + Summon: 12(25)",
      "FaF": "First Active Frame:  26",
      "Active": "Active Frames: height dependant",
      "Recovery": "Recovery: 30(Landing: 28)",
      "Damage": "Damage: 7",
      "Shield Stun": "Shield Stun: 6",
      "shield advantage": "...",
      "notes": null
    },
    "Dspecial": {
      "anim gif-src": "https://rivalsframedata.com/storage/fighter_attacks/small/Kragg/KraggDspecial.gif",
      "Startup": "Startup Window: 19 + Summon: 3(21)",
      "FaF": "First Active Frame:  22",
      "Active": "Active Frames: -",
      "Recovery": "Recovery: 23",
      "Damage": "Damage: 2,4,10",
      "Shield Stun": "Shield Stun: 2,5,6",
      "shield advantage": "...",
      "notes": null
    },
    "DspecialAir": {
      "anim gif-src": "https://rivalsframedata.com/storage/fighter_attacks/small/Kragg/KraggDspecialAir.gif",
      "Startup": "Startup Window: 19",
      "FaF": "First Active Frame:  20",
      "Active": "Active Frames: 3",
      "Recovery": "Recovery: 22",
      "Damage": "Damage: 14",
      "Shield Stun": "Shield Stun: 12",
      "shield advantage": null,
      "notes": null
    },
    "Fspecial": {
      "anim gif-src": "https://rivalsframedata.com/storage/fighter_attacks/small/Kragg/KraggFspecial.gif",
      "Startup": "Startup Window: 14",
      "FaF": "First Active Frame:  15",
      "Active": "Active Frames: 73",
      "Recovery": "Recovery: 32",
      "Damage": "Damage: 4",
      "Shield Stun": "Shield Stun: 4",
      "shield advantage": "...",
      "notes": null
    },
    "Fspecial(cancel)": {
      "anim gif-src": "https://rivalsframedata.com/storage/fighter_attacks/small/Kragg/KraggFspecial(Cancel).gif",
      "Startup": "Startup Window: -",
      "FaF": "First Active Frame:  null",
      "Active": "Active Frames: -",
      "Recovery": "Recovery: 15(Landing: 28)",
      "Damage": "Damage: 4",
      "Shield Stun": "Shield Stun: -",
      "shield advantage": "...",
      "notes": null
    },
    "Nair": {
      "anim gif-src": "https://rivalsframedata.com/storage/fighter_attacks/small/Kragg/KraggNair.gif",
      "Startup": "Startup Window: 6",
      "FaF": "First Active Frame: 7",
      "Active": "Active Frames: 2,2,2,3",
      "Recovery": "Recovery: 12(Landing: 10)",
      "Damage": "Damage: 4,4,4,8",
      "Shield Stun": "Shield Stun: 4,4,4,7",
      "shield advantage": "Shield Advantage: -7, -7, -7, -4",
      "notes": null
    },
    "Uair": {
      "anim gif-src": "https://rivalsframedata.com/storage/fighter_attacks/small/Kragg/KraggUair.gif",
      "Startup": "Startup Window: 12",
      "FaF": "First Active Frame: 13",
      "Active": "Active Frames: 3",
      "Recovery": "Recovery: 25(Landing: 15)",
      "Damage": "Damage: 8(11)",
      "Shield Stun": "Shield Stun: 7(9)",
      "shield advantage": "Shield Advantage: -9(-7)",
      "notes": null
    },
    "Dair": {
      "anim gif-src": "https://rivalsframedata.com/storage/fighter_attacks/small/Kragg/KraggDair.gif",
      "Startup": "Startup Window: 13",
      "FaF": "First Active Frame: 14",
      "Active": "Active Frames: 3",
      "Recovery": "Recovery: 20(Landing: 13)",
      "Damage": "Damage: 11",
      "Shield Stun": "Shield Stun: 9",
      "shield advantage": "Shield Advantage: -5",
      "notes": null
    },
    "Fair": {
      "anim gif-src": "https://rivalsframedata.com/storage/fighter_attacks/small/Kragg/KraggFair.gif",
      "Startup": "Startup Window: 12",
      "FaF": "First Active Frame: 13",
      "Active": "Active Frames: 6",
      "Recovery": "Recovery: 20(Landing: 11)",
      "Damage": "Damage: 7(11)",
      "Shield Stun": "Shield Stun: 6(9)",
      "shield advantage": "Shield Advantage: -6(-3)",
      "notes": null
    },
    "Bair": {
      "anim gif-src": "https://rivalsframedata.com/storage/fighter_attacks/small/Kragg/KraggBair.gif",
      "Startup": "Startup Window: 7",
      "FaF": "First Active Frame: 8",
      "Active": "Active Frames: 8",
      "Recovery": "Recovery: 16(Landing: 11)",
      "Damage": "Damage: 9",
      "Shield Stun": "Shield Stun: 8",
      "shield advantage": "Shield Advantage: -4",
      "notes": null
    },
    "grab": {
      "anim gif-src": "https://rivalsframedata.com/storage/fighter_attacks/small/Kragg/KraggGrab.gif",
      "Startup": "Startup Window: 6",
      "FaF": "First Active Frame:  7",
      "Active": "Active Frames: 2",
      "Recovery": "Recovery: 23",
      "Damage": "Damage: -",
      "Shield Stun": "Shield Stun: -",
      "shield advantage": null,
      "notes": null
    },
    "dashGrab": {
      "anim gif-src": "https://rivalsframedata.com/storage/fighter_attacks/small/Kragg/KraggDashGrab.gif",
      "Startup": "Startup Window: 9",
      "FaF": "First Active Frame:  10",
      "Active": "Active Frames: 2",
      "Recovery": "Recovery: 27",
      "Damage": "Damage: -",
      "Shield Stun": "Shield Stun: -",
      "shield advantage": null,
      "notes": null
    },
    "pivotGrab": {
      "anim gif-src": "https://rivalsframedata.com/storage/fighter_attacks/small/Kragg/KraggPivotGrab.gif",
      "Startup": "Startup Window: 9",
      "FaF": "First Active Frame:  10",
      "Active": "Active Frames: 2",
      "Recovery": "Recovery: 30",
      "Damage": "Damage: -",
      "Shield Stun": "Shield Stun: -",
      "shield advantage": null,
      "notes": null
    }
  },
  "loxodont": {
    "jab1": {
      "anim gif-src": "https://rivalsframedata.com/storage/fighter_attacks/small/Loxodont/LoxodontJab1.gif",
      "Startup": "Startup Window: 7",
      "FaF": "First Active Frame:  8",
      "Active": "Active Frames: 3",
      "Recovery": "Recovery: 16",
      "Damage": "Damage: 4%",
      "Shield Stun": "Shield Stun: 4",
      "shield advantage": null,
      "notes": null
    },
    "jab2": {
      "anim gif-src": "https://rivalsframedata.com/storage/fighter_attacks/small/Loxodont/LoxodontJab2.gif",
      "Startup": "Startup Window: 3",
      "FaF": "First Active Frame:  4",
      "Active": "Active Frames: 3",
      "Recovery": "Recovery: 20",
      "Damage": "Damage: 6%",
      "Shield Stun": "Shield Stun: 5",
      "shield advantage": null,
      "notes": null
    },
    "Ftilt": {
      "anim gif-src": "https://rivalsframedata.com/storage/fighter_attacks/small/Loxodont/LoxodontFtilt.gif",
      "Startup": "Startup Window: 12",
      "FaF": "First Active Frame:  13",
      "Active": "Active Frames: 3",
      "Recovery": "Recovery: 22",
      "Damage": "Damage: 4%",
      "Shield Stun": "Shield Stun: 4",
      "shield advantage": null,
      "notes": null
    },
    "Ftilt2": {
      "anim gif-src": "https://rivalsframedata.com/storage/fighter_attacks/small/Loxodont/LoxodontFtilt2.gif",
      "Startup": "Startup Window: 5",
      "FaF": "First Active Frame:  6",
      "Active": "Active Frames: 5",
      "Recovery": "Recovery: 34",
      "Damage": "Damage: 6%",
      "Shield Stun": "Shield Stun: 5",
      "shield advantage": null,
      "notes": null
    },
    "Ustrong": {
      "anim gif-src": "https://rivalsframedata.com/storage/fighter_attacks/small/Loxodont/LoxodontUstrong.gif",
      "Startup": "Startup Window: 9+5(14)",
      "FaF": "First Active Frame:  15",
      "Active": "Active Frames: 5",
      "Recovery": "Recovery: 30",
      "Damage": "Damage: 7(12)%",
      "Shield Stun": "Shield Stun: 6(10)",
      "shield advantage": "...",
      "notes": null
    },
    "Fstrong": {
      "anim gif-src": "https://rivalsframedata.com/storage/fighter_attacks/small/Loxodont/LoxodontFstrong.gif",
      "Startup": "Startup Window: 20+7(27)",
      "FaF": "First Active Frame:  28",
      "Active": "Active Frames: 6",
      "Recovery": "Recovery: 34",
      "Damage": "Damage: 11(16)%",
      "Shield Stun": "Shield Stun: 9(13)",
      "shield advantage": "...",
      "notes": null
    },
    "Dstrong": {
      "anim gif-src": "https://rivalsframedata.com/storage/fighter_attacks/small/Loxodont/LoxodontDstrong.gif",
      "Startup": "Startup Window: 10+6(16)",
      "FaF": "First Active Frame:  17",
      "Active": "Active Frames: 12",
      "Recovery": "Recovery: 32",
      "Damage": "Damage: 13(16)%",
      "Shield Stun": "Shield Stun: 13",
      "shield advantage": "...",
      "notes": null
    },
    "Utilt": {
      "anim gif-src": "https://rivalsframedata.com/storage/fighter_attacks/small/Loxodont/LoxodontUtilt.gif",
      "Startup": "Startup Window: 8",
      "FaF": "First Active Frame:  9",
      "Active": "Active Frames: 9",
      "Recovery": "Recovery: 20",
      "Damage": "Damage: 6(9)%",
      "Shield Stun": "Shield Stun: 5(8)",
      "shield advantage": null,
      "notes": null
    },
    "Dtilt": {
      "anim gif-src": "https://rivalsframedata.com/storage/fighter_attacks/small/Loxodont/LoxodontDtilt.gif",
      "Startup": "Startup Window: 13",
      "FaF": "First Active Frame:  14",
      "Active": "Active Frames: 3",
      "Recovery": "Recovery: 20",
      "Damage": "Damage: 12%",
      "Shield Stun": "Shield Stun: 10",
      "shield advantage": "...",
      "notes": null
    },
    "DashAttack": {
      "anim gif-src": "https://rivalsframedata.com/storage/fighter_attacks/small/Loxodont/LoxodontDashAttack.gif",
      "Startup": "Startup Window: 15",
      "FaF": "First Active Frame:  16",
      "Active": "Active Frames: 3",
      "Recovery": "Recovery: 22",
      "Damage": "Damage: 8%",
      "Shield Stun": "Shield Stun: 7",
      "shield advantage": null,
      "notes": null
    },
    "Nspecial": {
      "anim gif-src": "https://rivalsframedata.com/storage/fighter_attacks/small/Loxodont/LoxodontNspecial.gif",
      "Startup": "Startup Window: 14+2(16)",
      "FaF": "First Active Frame:  17",
      "Active": "Active Frames: 6",
      "Recovery": "Recovery: 23",
      "Damage": "Damage: 4(12)",
      "Shield Stun": "Shield Stun: 4(10)",
      "shield advantage": "...",
      "notes": null
    },
    "Uspecial": {
      "anim gif-src": "https://rivalsframedata.com/storage/fighter_attacks/small/Loxodont/LoxodontUspecial.gif",
      "Startup": "Startup Window: 23",
      "FaF": "First Active Frame:  24",
      "Active": "Active Frames: 9,(loop),(Landing: 4)",
      "Recovery": "Recovery: Landing: 32",
      "Damage": "Damage: 4,5",
      "Shield Stun": "Shield Stun: 4,5",
      "shield advantage": "...",
      "notes": null
    },
    "Dspecial": {
      "anim gif-src": "https://rivalsframedata.com/storage/fighter_attacks/small/Loxodont/LoxodontDspecial.gif",
      "Startup": "Startup Window: 8",
      "FaF": "First Active Frame:  9",
      "Active": "Active Frames: 0,4,4,4",
      "Recovery": "Recovery: 22,15,15,15",
      "Damage": "Damage: 0,9,12,15",
      "Shield Stun": "Shield Stun: 2,8,10,13",
      "shield advantage": "...",
      "notes": null
    },
    "Fspecial": {
      "anim gif-src": "https://rivalsframedata.com/storage/fighter_attacks/small/Loxodont/LoxodontFspecial.gif",
      "Startup": "Startup Window: 16",
      "FaF": "First Active Frame:  17",
      "Active": "Active Frames: 21",
      "Recovery": "Recovery: (Grabbed: 30, Whiff: 10+28) Slam: 23",
      "Damage": "Damage: 12",
      "Shield Stun": "Shield Stun: -",
      "shield advantage": "...",
      "notes": null
    },
    "Nair": {
      "anim gif-src": "https://rivalsframedata.com/storage/fighter_attacks/small/Loxodont/LoxodontNair.gif",
      "Startup": "Startup Window: 7",
      "FaF": "First Active Frame: 8",
      "Active": "Active Frames: 2,2,4",
      "Recovery": "Recovery: 22(Landing: 9)",
      "Damage": "Damage: 4,4,5",
      "Shield Stun": "Shield Stun: 4,4,5",
      "shield advantage": "Shield Advantage: -6, -6, -5",
      "notes": null
    },
    "Uair": {
      "anim gif-src": "https://rivalsframedata.com/storage/fighter_attacks/small/Loxodont/LoxodontUair.gif",
      "Startup": "Startup Window: 10",
      "FaF": "First Active Frame: 11",
      "Active": "Active Frames: 6",
      "Recovery": "Recovery: 23(Landing: 12)",
      "Damage": "Damage: 6(9)",
      "Shield Stun": "Shield Stun: 5(8)",
      "shield advantage": "Shield Advantage: -8(-5)",
      "notes": null
    },
    "Dair": {
      "anim gif-src": "https://rivalsframedata.com/storage/fighter_attacks/small/Loxodont/LoxodontDair.gif",
      "Startup": "Startup Window: 15",
      "FaF": "First Active Frame: 16",
      "Active": "Active Frames: 4",
      "Recovery": "Recovery: 20(Landing: 14)",
      "Damage": "Damage: 13",
      "Shield Stun": "Shield Stun: 11",
      "shield advantage": "Shield Advantage: -4",
      "notes": null
    },
    "Fair": {
      "anim gif-src": "https://rivalsframedata.com/storage/fighter_attacks/small/Loxodont/LoxodontFair.gif",
      "Startup": "Startup Window: 10",
      "FaF": "First Active Frame: 11",
      "Active": "Active Frames: 4",
      "Recovery": "Recovery: 24(Landing: 10)",
      "Damage": "Damage: 10",
      "Shield Stun": "Shield Stun: 9",
      "shield advantage": "Shield Advantage: -2",
      "notes": null
    },
    "Bair": {
      "anim gif-src": "https://rivalsframedata.com/storage/fighter_attacks/small/Loxodont/LoxodontBair.gif",
      "Startup": "Startup Window: 8",
      "FaF": "First Active Frame: 9",
      "Active": "Active Frames: 4",
      "Recovery": "Recovery: 26(Landing: 13)",
      "Damage": "Damage: 12",
      "Shield Stun": "Shield Stun: 10",
      "shield advantage": "Shield Advantage: -4",
      "notes": null
    },
    "Grab": {
      "anim gif-src": "https://rivalsframedata.com/storage/fighter_attacks/small/Loxodont/LoxodontGrab.gif",
      "Startup": "Startup Window: 6",
      "FaF": "First Active Frame:  7",
      "Active": "Active Frames: 2",
      "Recovery": "Recovery: 23",
      "Damage": "Damage: -",
      "Shield Stun": "Shield Stun: -",
      "shield advantage": null,
      "notes": null
    },
    "DashGrab": {
      "anim gif-src": "https://rivalsframedata.com/storage/fighter_attacks/small/Loxodont/LoxodontDashGrab.gif",
      "Startup": "Startup Window: 9",
      "FaF": "First Active Frame:  10",
      "Active": "Active Frames: 2",
      "Recovery": "Recovery: 27",
      "Damage": "Damage: -",
      "Shield Stun": "Shield Stun: -",
      "shield advantage": null,
      "notes": null
    },
    "PivotGrab": {
      "anim gif-src": "https://rivalsframedata.com/storage/fighter_attacks/small/Loxodont/LoxodontPivotGrab.gif",
      "Startup": "Startup Window: 9",
      "FaF": "First Active Frame:  10",
      "Active": "Active Frames: 2",
      "Recovery": "Recovery: 30",
      "Damage": "Damage: -",
      "Shield Stun": "Shield Stun: -",
      "shield advantage": null,
      "notes": null
    }
  },
  "maypul": {
    "jab1": {
      "anim gif-src": "https://rivalsframedata.com/storage/fighter_attacks/small/Maypul/MaypulJab1.gif",
      "Startup": "Startup Window: 4",
      "FaF": "First Active Frame:  5",
      "Active": "Active Frames: 2",
      "Recovery": "Recovery: 15",
      "Damage": "Damage: 3%",
      "Shield Stun": "Shield Stun: 3",
      "shield advantage": null,
      "notes": null
    },
    "jab2": {
      "anim gif-src": "https://rivalsframedata.com/storage/fighter_attacks/small/Maypul/MaypulJab2.gif",
      "Startup": "Startup Window: 3",
      "FaF": "First Active Frame:  4",
      "Active": "Active Frames: 2",
      "Recovery": "Recovery: 20",
      "Damage": "Damage: 3%",
      "Shield Stun": "Shield Stun: 3",
      "shield advantage": "...",
      "notes": null
    },
    "Ftilt": {
      "anim gif-src": "https://rivalsframedata.com/storage/fighter_attacks/small/Maypul/MaypulFtilt.gif",
      "Startup": "Startup Window: 5",
      "FaF": "First Active Frame:  6",
      "Active": "Active Frames: 4",
      "Recovery": "Recovery: 17",
      "Damage": "Damage: 8%",
      "Shield Stun": "Shield Stun: 7",
      "shield advantage": null,
      "notes": null
    },
    "Utilt": {
      "anim gif-src": "https://rivalsframedata.com/storage/fighter_attacks/small/Maypul/MaypulUtilt.gif",
      "Startup": "Startup Window: 8",
      "FaF": "First Active Frame:  9",
      "Active": "Active Frames: 4",
      "Recovery": "Recovery: 20",
      "Damage": "Damage: 8%",
      "Shield Stun": "Shield Stun: 7",
      "shield advantage": null,
      "notes": null
    },
    "Dtilt": {
      "anim gif-src": "https://rivalsframedata.com/storage/fighter_attacks/small/Maypul/MaypulDtilt.gif",
      "Startup": "Startup Window: 6",
      "FaF": "First Active Frame:  7",
      "Active": "Active Frames: 3",
      "Recovery": "Recovery: 20",
      "Damage": "Damage: 7%",
      "Shield Stun": "Shield Stun: 6",
      "shield advantage": null,
      "notes": null
    },
    "Ustrong": {
      "anim gif-src": "https://rivalsframedata.com/storage/fighter_attacks/small/Maypul/MaypulUstrong.gif",
      "Startup": "Startup Window: 14+8(22)",
      "FaF": "First Active Frame:  23",
      "Active": "Active Frames: 4",
      "Recovery": "Recovery: 28",
      "Damage": "Damage: 11%",
      "Shield Stun": "Shield Stun: 9",
      "shield advantage": "...",
      "notes": null
    },
    "Fstrong": {
      "anim gif-src": "https://rivalsframedata.com/storage/fighter_attacks/small/Maypul/MaypulFstrong.gif",
      "Startup": "Startup Window: 10+10(20)",
      "FaF": "First Active Frame:  21",
      "Active": "Active Frames: 3",
      "Recovery": "Recovery: 30",
      "Damage": "Damage: 11%",
      "Shield Stun": "Shield Stun: 9",
      "shield advantage": "...",
      "notes": null
    },
    "Dstrong": {
      "anim gif-src": "https://rivalsframedata.com/storage/fighter_attacks/small/Maypul/MaypulDstrong.gif",
      "Startup": "Startup Window: 7+5(12)",
      "FaF": "First Active Frame:  13",
      "Active": "Active Frames: 3",
      "Recovery": "Recovery: 26",
      "Damage": "Damage: 10%",
      "Shield Stun": "Shield Stun: 9",
      "shield advantage": "...",
      "notes": null
    },
    "DashAttack": {
      "anim gif-src": "https://rivalsframedata.com/storage/fighter_attacks/small/Maypul/MaypulDashAttack.gif",
      "Startup": "Startup Window: 8",
      "FaF": "First Active Frame:  9",
      "Active": "Active Frames: 6,4",
      "Recovery": "Recovery: 25",
      "Damage": "Damage: 3,5%",
      "Shield Stun": "Shield Stun: 3,5",
      "shield advantage": "...",
      "notes": null
    },
    "Nspecial": {
      "anim gif-src": "https://rivalsframedata.com/storage/fighter_attacks/small/Maypul/MaypulNSpecial.gif",
      "Startup": "Startup Window: 6",
      "FaF": "First Active Frame:  7",
      "Active": "Active Frames: 1",
      "Recovery": "Recovery: 13",
      "Damage": "Damage: 1",
      "Shield Stun": "Shield Stun: 2",
      "shield advantage": "...",
      "notes": null
    },
    "Fspecial": {
      "anim gif-src": "https://rivalsframedata.com/storage/fighter_attacks/small/Maypul/MaypulFspecial.gif",
      "Startup": "Startup Window: 8",
      "FaF": "First Active Frame:  9",
      "Active": "Active Frames: 8",
      "Recovery": "Recovery: 10+18",
      "Damage": "Damage: 4",
      "Shield Stun": "Shield Stun: 4",
      "shield advantage": "...",
      "notes": null
    },
    "Uspecial": {
      "anim gif-src": "https://rivalsframedata.com/storage/fighter_attacks/small/Maypul/MaypulUspecial.gif",
      "Startup": "Startup Window: 9",
      "FaF": "First Active Frame:  10",
      "Active": "Active Frames: 1,8",
      "Recovery": "Recovery: 14(Landing: 25)",
      "Damage": "Damage: 6(8)",
      "Shield Stun": "Shield Stun: 5(7)",
      "shield advantage": "...",
      "notes": null
    },
    "Uspecial(Tether)": {
      "anim gif-src": "https://rivalsframedata.com/storage/fighter_attacks/small/Maypul/MaypulUspecial(Tether).gif",
      "Startup": "Startup Window: 9+5(14)",
      "FaF": "First Active Frame:  15",
      "Active": "Active Frames: Distance based",
      "Recovery": "Recovery: 12",
      "Damage": "Damage: -",
      "Shield Stun": "Shield Stun: -",
      "shield advantage": "...",
      "notes": null
    },
    "Dspecial": {
      "anim gif-src": "https://rivalsframedata.com/storage/fighter_attacks/small/Maypul/MaypulDspecial.gif",
      "Startup": "Startup Window: 30",
      "FaF": "First Active Frame:  31",
      "Active": "Active Frames: -",
      "Recovery": "Recovery: 10",
      "Damage": "Shield Stun: -",
      "Shield Stun": "...",
      "shield advantage": null,
      "notes": null
    },
    "Dspecial(air)": {
      "anim gif-src": "https://rivalsframedata.com/storage/fighter_attacks/small/Maypul/MaypulDspecial(Air).gif",
      "Startup": "Startup Window: 13",
      "FaF": "First Active Frame:  14",
      "Active": "Active Frames: 8",
      "Recovery": "Recovery: 11(Landing: 13)",
      "Damage": "Damage: 4",
      "Shield Stun": "Shield Stun: 4",
      "shield advantage": "...",
      "notes": null
    },
    "Nair": {
      "anim gif-src": "https://rivalsframedata.com/storage/fighter_attacks/small/Maypul/MaypulNair.gif",
      "Startup": "Startup Window: 8",
      "FaF": "First Active Frame: 9",
      "Active": "Active Frames: 7",
      "Recovery": "Recovery: 12(Landing: 9)",
      "Damage": "Damage: 4(8)",
      "Shield Stun": "Shield Stun: 4(7)",
      "shield advantage": "Shield Advantage: -6(-3)",
      "notes": null
    },
    "Uair": {
      "anim gif-src": "https://rivalsframedata.com/storage/fighter_attacks/small/Maypul/MaypulUair.gif",
      "Startup": "Startup Window: 8",
      "FaF": "First Active Frame: 9",
      "Active": "Active Frames: 2,2,3",
      "Recovery": "Recovery: 15(Landing: 10)",
      "Damage": "Damage: 2,2,5",
      "Shield Stun": "Shield Stun: 2,2,5",
      "shield advantage": "Shield Advantage: -9, -9, -6",
      "notes": null
    },
    "Dair": {
      "anim gif-src": "https://rivalsframedata.com/storage/fighter_attacks/small/Maypul/MaypulDair.gif",
      "Startup": "Startup Window: 10",
      "FaF": "First Active Frame: 11",
      "Active": "Active Frames: 8",
      "Recovery": "Recovery: 23(Landing: 14)",
      "Damage": "Damage: 5",
      "Shield Stun": "Shield Stun: 5",
      "shield advantage": "Shield Advantage: -6",
      "notes": null
    },
    "Fair": {
      "anim gif-src": "https://rivalsframedata.com/storage/fighter_attacks/small/Maypul/MaypulFair.gif",
      "Startup": "Startup Window: 12",
      "FaF": "First Active Frame: 13",
      "Active": "Active Frames: 3",
      "Recovery": "Recovery: 19(Landing: 11)",
      "Damage": "Damage: 8",
      "Shield Stun": "Shield Stun: 7",
      "shield advantage": "Shield Advantage: -5",
      "notes": null
    },
    "Bair": {
      "anim gif-src": "https://rivalsframedata.com/storage/fighter_attacks/small/Maypul/MaypulBair.gif",
      "Startup": "Startup Window: 6",
      "FaF": "First Active Frame: 7",
      "Active": "Active Frames: 2,3",
      "Recovery": "Recovery: 12(Landing: 10)",
      "Damage": "Damage: 4,5",
      "Shield Stun": "Shield Stun: 4,5",
      "shield advantage": "Shield Advantage: -7, -6",
      "notes": null
    },
    "Grab": {
      "anim gif-src": "https://rivalsframedata.com/storage/fighter_attacks/small/Maypul/MaypulGrab.gif",
      "Startup": "Startup Window: 6",
      "FaF": "First Active Frame:  7",
      "Active": "Active Frames: 2",
      "Recovery": "Recovery: 23",
      "Damage": "Damage: -",
      "Shield Stun": "Shield Stun: -",
      "shield advantage": null,
      "notes": null
    },
    "DashGrab": {
      "anim gif-src": "https://rivalsframedata.com/storage/fighter_attacks/small/Maypul/MaypulDashGrab.gif",
      "Startup": "Startup Window: 9",
      "FaF": "First Active Frame:  10",
      "Active": "Active Frames: 2",
      "Recovery": "Recovery: 27",
      "Damage": "Damage: -",
      "Shield Stun": "Shield Stun: -",
      "shield advantage": null,
      "notes": null
    },
    "PivotGrab": {
      "anim gif-src": "https://rivalsframedata.com/storage/fighter_attacks/small/Maypul/MaypulPivotGrab.gif",
      "Startup": "Startup Window: 9",
      "FaF": "First Active Frame:  10",
      "Active": "Active Frames: 2",
      "Recovery": "Recovery: 30",
      "Damage": "Damage: -",
      "Shield Stun": "Shield Stun: -",
      "shield advantage": null,
      "notes": null
    }
  },
  "ranno": {
    "jab1": {
      "anim gif-src": "https://rivalsframedata.com/storage/fighter_attacks/small/Ranno/RannoJab1.gif",
      "Startup": "Startup Window: 3",
      "FaF": "First Active Frame:  4",
      "Active": "Active Frames: 2",
      "Recovery": "Recovery: 13",
      "Damage": "Damage: 2%",
      "Shield Stun": "Shield Stun: 2",
      "shield advantage": null,
      "notes": null
    },
    "jab2": {
      "anim gif-src": "https://rivalsframedata.com/storage/fighter_attacks/small/Ranno/RannoJab2.gif",
      "Startup": "Startup Window: 3",
      "FaF": "First Active Frame:  4",
      "Active": "Active Frames: 2",
      "Recovery": "Recovery: 15",
      "Damage": "Damage: 2%",
      "Shield Stun": "Shield Stun: 2",
      "shield advantage": null,
      "notes": null
    },
    "jab3": {
      "anim gif-src": "https://rivalsframedata.com/storage/fighter_attacks/small/Ranno/RannoJab3.gif",
      "Startup": "Startup Window: 4",
      "FaF": "First Active Frame:  5",
      "Active": "Active Frames: 2",
      "Recovery": "Recovery: 18",
      "Damage": "Damage: 2%",
      "Shield Stun": "Shield Stun: 2",
      "shield advantage": null,
      "notes": null
    },
    "ftilt": {
      "anim gif-src": "https://rivalsframedata.com/storage/fighter_attacks/small/Ranno/RannoFTilt.gif",
      "Startup": "Startup Window: 6",
      "FaF": "First Active Frame:  7",
      "Active": "Active Frames: 4,6",
      "Recovery": "Recovery: 18",
      "Damage": "Damage: 3,6%",
      "Shield Stun": "Shield Stun: 3,5",
      "shield advantage": "...",
      "notes": null
    },
    "uptilt": {
      "anim gif-src": "https://rivalsframedata.com/storage/fighter_attacks/small/Ranno/RannoUpTilt.gif",
      "Startup": "Startup Window: 8",
      "FaF": "First Active Frame:  9",
      "Active": "Active Frames: 4",
      "Recovery": "Recovery: 28",
      "Damage": "Damage: 9%",
      "Shield Stun": "Shield Stun: 8",
      "shield advantage": null,
      "notes": null
    },
    "downtilt": {
      "anim gif-src": "https://rivalsframedata.com/storage/fighter_attacks/small/Ranno/RannoDownTilt.gif",
      "Startup": "Startup Window: 5",
      "FaF": "First Active Frame:  6",
      "Active": "Active Frames: 4",
      "Recovery": "Recovery: 18",
      "Damage": "Damage: 7%",
      "Shield Stun": "Shield Stun: 6",
      "shield advantage": null,
      "notes": null
    },
    "fStrong": {
      "anim gif-src": "https://rivalsframedata.com/storage/fighter_attacks/small/Ranno/RannoFStrong.gif",
      "Startup": "Startup Window: 8+6(14)",
      "FaF": "First Active Frame:  15",
      "Active": "Active Frames: 4",
      "Recovery": "Recovery: 36",
      "Damage": "Damage: 12%",
      "Shield Stun": "Shield Stun: 10",
      "shield advantage": null,
      "notes": null
    },
    "uStrong": {
      "anim gif-src": "https://rivalsframedata.com/storage/fighter_attacks/small/Ranno/RannoUpStrong.gif",
      "Startup": "Startup Window: 8+2(10)",
      "FaF": "First Active Frame:  11",
      "Active": "Active Frames: 4",
      "Recovery": "Recovery: 30",
      "Damage": "Damage: 8(13)%",
      "Shield Stun": "Shield Stun: 7(11)",
      "shield advantage": null,
      "notes": null
    },
    "dStrong": {
      "anim gif-src": "https://rivalsframedata.com/storage/fighter_attacks/small/Ranno/RannoDownStrong.gif",
      "Startup": "Startup Window: 6+3(9)",
      "FaF": "First Active Frame:  10",
      "Active": "Active Frames: 5",
      "Recovery": "Recovery: 38",
      "Damage": "Damage: 11%",
      "Shield Stun": "Shield Stun: 9",
      "shield advantage": null,
      "notes": null
    },
    "dashAttack": {
      "anim gif-src": "https://rivalsframedata.com/storage/fighter_attacks/small/Ranno/RannoDashAttack.gif",
      "Startup": "Startup Window: 8",
      "FaF": "First Active Frame:  9",
      "Active": "Active Frames: 3",
      "Recovery": "Recovery: 26",
      "Damage": "Damage: 5(7)%",
      "Shield Stun": "Shield Stun: 5(6)",
      "shield advantage": null,
      "notes": null
    },
    "Nspecial": {
      "anim gif-src": "https://rivalsframedata.com/storage/fighter_attacks/small/Ranno/RannoNspecial.gif",
      "Startup": "Startup Window: 8+2(10)",
      "FaF": "First Active Frame:  11",
      "Active": "Active Frames: 7",
      "Recovery": "Recovery: 20 (Landing: 4)",
      "Damage": "Damage: 1",
      "Shield Stun": "Shield Stun: 2",
      "shield advantage": "...",
      "notes": null
    },
    "Fspecial": {
      "anim gif-src": "https://rivalsframedata.com/storage/fighter_attacks/small/Ranno/RannoFspecial.gif",
      "Startup": "Startup Window: 20",
      "FaF": "First Active Frame:  21",
      "Active": "Active Frames: 15(Consume: 24)",
      "Recovery": "Recovery: 40",
      "Damage": "Damage: (2)(2)(2)",
      "Shield Stun": "Shield Stun: -",
      "shield advantage": "...",
      "notes": null
    },
    "Fspecial(air)": {
      "anim gif-src": "https://rivalsframedata.com/storage/fighter_attacks/small/Ranno/RannoFspecial(air).gif",
      "Startup": "Startup Window: 20",
      "FaF": "First Active Frame:  21",
      "Active": "Active Frames: 15(Consume: 24)",
      "Recovery": "Recovery: 40",
      "Damage": "Damage: (2)(2)(2)",
      "Shield Stun": "Shield Stun: -",
      "shield advantage": "...",
      "notes": null
    },
    "Fspecial(Sling)": {
      "anim gif-src": "https://rivalsframedata.com/storage/fighter_attacks/small/Ranno/RannoFspecial(sling).gif",
      "Startup": "Startup Window: 16",
      "FaF": "First Active Frame:  17",
      "Active": "Active Frames: -",
      "Recovery": "Recovery: 8",
      "Damage": "Damage: -",
      "Shield Stun": "Shield Stun: -",
      "shield advantage": "...",
      "notes": null
    },
    "Dspecial": {
      "anim gif-src": "https://rivalsframedata.com/storage/fighter_attacks/small/Ranno/RannoDspecial.gif",
      "Startup": "Startup Window: 8 + summon: 16(24)",
      "FaF": "First Active Frame:  25",
      "Active": "Active Frames: -",
      "Recovery": "Recovery: 10",
      "Damage": "Damage: -",
      "Shield Stun": "Shield Stun: -",
      "shield advantage": "...",
      "notes": null
    },
    "Uspecial(rising)": {
      "anim gif-src": "https://rivalsframedata.com/storage/fighter_attacks/small/Ranno/RannoUspecial(rising).gif",
      "Startup": "Startup Window: 10",
      "FaF": "First Active Frame:  11",
      "Active": "Active Frames: 16",
      "Recovery": "Recovery: 18(Landing: 26)",
      "Damage": "Damage: 4",
      "Shield Stun": "Shield Stun: 4",
      "shield advantage": "...",
      "notes": null
    },
    "Uspecial(dive)": {
      "anim gif-src": "https://rivalsframedata.com/storage/fighter_attacks/small/Ranno/RannoUspecial(dive).gif",
      "Startup": "Startup Window: 8",
      "FaF": "First Active Frame:  9",
      "Active": "Active Frames: 48",
      "Recovery": "Recovery: 10(Landing: 32)",
      "Damage": "Damage: 5",
      "Shield Stun": "Shield Stun: 5",
      "shield advantage": "...",
      "notes": null
    },
    "Uspecial(spin)": {
      "anim gif-src": "https://rivalsframedata.com/storage/fighter_attacks/small/Ranno/RannoUspecial(spin).gif",
      "Startup": "Startup Window: 9",
      "FaF": "First Active Frame:  10",
      "Active": "Active Frames: 2(6)2(6)2(6)2(6)2(6)2",
      "Recovery": "Recovery: 18(Landing:18)",
      "Damage": "Damage: 1(1)(1)(1)(1)(1)(1)",
      "Shield Stun": "Shield Stun: 2,2,2,2,2,2,2,2",
      "shield advantage": "...",
      "notes": null
    },
    "Nair": {
      "anim gif-src": "https://rivalsframedata.com/storage/fighter_attacks/small/Ranno/RannoNair.gif",
      "Startup": "Startup Window: 3",
      "FaF": "First Active Frame: 4",
      "Active": "Active Frames: 24",
      "Recovery": "Recovery: 11 (Landing: 9)",
      "Damage": "Damage: 5(7)",
      "Shield Stun": "Shield Stun: 5(6)",
      "shield advantage": "Shield Advantage: -5(-4)",
      "notes": null
    },
    "Fair": {
      "anim gif-src": "https://rivalsframedata.com/storage/fighter_attacks/small/Ranno/RannoFair.gif",
      "Startup": "Startup Window: 6",
      "FaF": "First Active Frame: 7",
      "Active": "Active Frames: 3(spike:2)",
      "Recovery": "Recovery: 22(Landing:8)",
      "Damage": "Damage: 9(10)",
      "Shield Stun": "Shield Stun: 8(9)",
      "shield advantage": "Shield Advantage: -1(0)",
      "notes": null
    },
    "Bair": {
      "anim gif-src": "https://rivalsframedata.com/storage/fighter_attacks/small/Ranno/RannoBair.gif",
      "Startup": "Startup Window: 4",
      "FaF": "First Active Frame: 5",
      "Active": "Active Frames: 16",
      "Recovery": "Recovery: 16(Landing:9)",
      "Damage": "Damage: 3(8)",
      "Shield Stun": "Shield Stun: 3(7)",
      "shield advantage": "Shield Advantage: -7(-3)",
      "notes": null
    },
    "Dair": {
      "anim gif-src": "https://rivalsframedata.com/storage/fighter_attacks/small/Ranno/RannoDair.gif",
      "Startup": "Startup Window: 15",
      "FaF": "First Active Frame: 16",
      "Active": "Active Frames: 15",
      "Recovery": "Recovery: 15(Landing:9,hit:10)",
      "Damage": "Damage: 3(3)(6)",
      "Shield Stun": "Shield Stun: 7,7,8",
      "shield advantage": "Shield Advantage: -7",
      "notes": null
    },
    "Uair": {
      "anim gif-src": "https://rivalsframedata.com/storage/fighter_attacks/small/Ranno/RannoUair.gif",
      "Startup": "Startup Window: 4",
      "FaF": "First Active Frame: 5",
      "Active": "Active Frames: 4(6)",
      "Recovery": "Recovery: 16(Landing: 7)",
      "Damage": "Damage: 3(5)",
      "Shield Stun": "Shield Stun: 3,5",
      "shield advantage": "Shield Advantage: -5, -3",
      "notes": null
    },
    "grab": {
      "anim gif-src": "https://rivalsframedata.com/storage/fighter_attacks/small/Ranno/RannoGrab.gif",
      "Startup": "Startup Window: 6",
      "FaF": "First Active Frame:  7",
      "Active": "Active Frames: 2",
      "Recovery": "Recovery: 23",
      "Damage": "Damage: -",
      "Shield Stun": "Shield Stun: -",
      "shield advantage": null,
      "notes": null
    },
    "dashGrab": {
      "anim gif-src": "https://rivalsframedata.com/storage/fighter_attacks/small/Ranno/RannoDashGrab.gif",
      "Startup": "Startup Window: 9",
      "FaF": "First Active Frame:  10",
      "Active": "Active Frames: 2",
      "Recovery": "Recovery: 27",
      "Damage": "Damage: -",
      "Shield Stun": "Shield Stun: -",
      "shield advantage": null,
      "notes": null
    },
    "pivotGrab": {
      "anim gif-src": "https://rivalsframedata.com/storage/fighter_attacks/small/Ranno/RannoPivotGrab.gif",
      "Startup": "Startup Window: 9",
      "FaF": "First Active Frame:  10",
      "Active": "Active Frames: 2",
      "Recovery": "Recovery: 30",
      "Damage": "Damage: -",
      "Shield Stun": "Shield Stun: -",
      "shield advantage": null,
      "notes": null
    }
  },
  "wrastor": {
    "jab1": {
      "anim gif-src": "https://rivalsframedata.com/storage/fighter_attacks/small/Wrastor/WrastorJab1.gif",
      "Startup": "Startup Window: 4",
      "FaF": "First Active Frame:  5",
      "Active": "Active Frames: 2",
      "Recovery": "Recovery: 16",
      "Damage": "Damage: 3%",
      "Shield Stun": "Shield Stun: 4",
      "shield advantage": null,
      "notes": null
    },
    "jab2": {
      "anim gif-src": "https://rivalsframedata.com/storage/fighter_attacks/small/Wrastor/WrastorJab2.gif",
      "Startup": "Startup Window: 4",
      "FaF": "First Active Frame:  5",
      "Active": "Active Frames: 2",
      "Recovery": "Recovery: 17",
      "Damage": "Damage: 3%",
      "Shield Stun": "Shield Stun: 4",
      "shield advantage": null,
      "notes": null
    },
    "jab3": {
      "anim gif-src": "https://rivalsframedata.com/storage/fighter_attacks/small/Wrastor/WrastorJab3.gif",
      "Startup": "Startup Window: 5",
      "FaF": "First Active Frame:  6",
      "Active": "Active Frames: 2",
      "Recovery": "Recovery: 24",
      "Damage": "Damage: 6%",
      "Shield Stun": "Shield Stun: 5",
      "shield advantage": null,
      "notes": null
    },
    "Ftilt": {
      "anim gif-src": "https://rivalsframedata.com/storage/fighter_attacks/small/Wrastor/WrastorFtilt.gif",
      "Startup": "Startup Window: 9",
      "FaF": "First Active Frame:  10",
      "Active": "Active Frames: 2,2,2",
      "Recovery": "Recovery: 26",
      "Damage": "Damage: 3(3)(3)%",
      "Shield Stun": "Shield Stun: 3,3,3",
      "shield advantage": "...",
      "notes": null
    },
    "Utilt": {
      "anim gif-src": "https://rivalsframedata.com/storage/fighter_attacks/small/Wrastor/WrastorUtilt.gif",
      "Startup": "Startup Window: 14",
      "FaF": "First Active Frame:  15",
      "Active": "Active Frames: 4",
      "Recovery": "Recovery: 21",
      "Damage": "Damage: 10%",
      "Shield Stun": "Shield Stun: 9",
      "shield advantage": null,
      "notes": null
    },
    "Dtilt": {
      "anim gif-src": "https://rivalsframedata.com/storage/fighter_attacks/small/Wrastor/WrastorDtilt.gif",
      "Startup": "Startup Window: 6",
      "FaF": "First Active Frame:  7",
      "Active": "Active Frames: 3",
      "Recovery": "Recovery: 23",
      "Damage": "Damage: 7%",
      "Shield Stun": "Shield Stun: 6",
      "shield advantage": null,
      "notes": null
    },
    "DashAttack": {
      "anim gif-src": "https://rivalsframedata.com/storage/fighter_attacks/small/Wrastor/WrastorDashAttack.gif",
      "Startup": "Startup Window: 6",
      "FaF": "First Active Frame:  7",
      "Active": "Active Frames: 12",
      "Recovery": "Recovery: 20",
      "Damage": "Damage: 7%",
      "Shield Stun": "Shield Stun: (5-6)",
      "shield advantage": null,
      "notes": null
    },
    "Nspecial": {
      "anim gif-src": "https://rivalsframedata.com/storage/fighter_attacks/small/Wrastor/WrastorNspecial.gif",
      "Startup": "Startup Window: 7",
      "FaF": "First Active Frame:  8",
      "Active": "Active Frames: 4,4,4,4,4,3",
      "Recovery": "Recovery: 18(Landing: 18)",
      "Damage": "Damage: 1,1,1,1,1,3",
      "Shield Stun": "Shield Stun: 2,2,2,2,2,3",
      "shield advantage": "...",
      "notes": null
    },
    "Fspecial": {
      "anim gif-src": "https://rivalsframedata.com/storage/fighter_attacks/small/Wrastor/WrastorFspecial.gif",
      "Startup": "Startup Window: 7",
      "FaF": "First Active Frame:  8",
      "Active": "Active Frames: 1",
      "Recovery": "Recovery: 14",
      "Damage": "Damage: 1",
      "Shield Stun": "Shield Stun: 3",
      "shield advantage": "...",
      "notes": null
    },
    "Uspecial": {
      "anim gif-src": "https://rivalsframedata.com/storage/fighter_attacks/small/Wrastor/WrastorUspecial.gif",
      "Startup": "Startup Window: 6",
      "FaF": "First Active Frame:  7",
      "Active": "Active Frames: 1,8",
      "Recovery": "Recovery: 19(Landing: 30)",
      "Damage": "Damage: 7(14)",
      "Shield Stun": "Shield Stun: 6(12)",
      "shield advantage": "...",
      "notes": null
    },
    "Dspecial": {
      "anim gif-src": "https://rivalsframedata.com/storage/fighter_attacks/small/Wrastor/WrastorDspecial.gif",
      "Startup": "Startup Window: 16",
      "FaF": "First Active Frame:  17",
      "Active": "Active Frames: 18",
      "Recovery": "Recovery: (ShieldBounce:30,Throw: 20+6, Whiff: 33)",
      "Damage": "Damage: 9",
      "Shield Stun": "Shield Stun: 8",
      "shield advantage": null,
      "notes": null
    },
    "DspecialAir": {
      "anim gif-src": "https://rivalsframedata.com/storage/fighter_attacks/small/Wrastor/WrastorDspecial(Air).gif",
      "Startup": "Startup Window: 16",
      "FaF": "First Active Frame:  17",
      "Active": "Active Frames: 18(Landing: 1)",
      "Recovery": "Recovery: (ShieldBounce:30,Throw: 20+6, Landing: 25)",
      "Damage": "Damage: 8",
      "Shield Stun": "Shield Stun: 7",
      "shield advantage": null,
      "notes": null
    },
    "Nair": {
      "anim gif-src": "https://rivalsframedata.com/storage/fighter_attacks/small/Wrastor/WrastorNair.gif",
      "Startup": "Startup Window: 4",
      "FaF": "First Active Frame: 5",
      "Active": "Active Frames: 3,12",
      "Recovery": "Recovery: 15(Landing: 12)",
      "Damage": "Damage: 3,5",
      "Shield Stun": "Shield Stun: 3,5",
      "shield advantage": "Shield Advantage: -10, -8",
      "notes": null
    },
    "Uair": {
      "anim gif-src": "https://rivalsframedata.com/storage/fighter_attacks/small/Wrastor/WrastorUair.gif",
      "Startup": "Startup Window: 8",
      "FaF": "First Active Frame: 9",
      "Active": "Active Frames: 6",
      "Recovery": "Recovery: 28(Landing: 11)",
      "Damage": "Damage: 5(7)",
      "Shield Stun": "Shield Stun: (5-6)",
      "shield advantage": "Shield Advantage: -7(-6)",
      "notes": null
    },
    "Dair": {
      "anim gif-src": "https://rivalsframedata.com/storage/fighter_attacks/small/Wrastor/WrastorDair.gif",
      "Startup": "Startup Window: 9,13",
      "FaF": "First Active Frame: 10",
      "Active": "Active Frames: 4",
      "Recovery": "Recovery: 16(Landing: 12)",
      "Damage": "Damage: 7,6",
      "Shield Stun": "Shield Stun: 6(5)",
      "shield advantage": "Shield Advantage: -7(-8)",
      "notes": null
    },
    "Fair": {
      "anim gif-src": "https://rivalsframedata.com/storage/fighter_attacks/small/Wrastor/WrastorFair.gif",
      "Startup": "Startup Window: 8",
      "FaF": "First Active Frame: 9",
      "Active": "Active Frames: 3",
      "Recovery": "Recovery: 23(Landing: 10)",
      "Damage": "Damage: 5",
      "Shield Stun": "Shield Stun: 5",
      "shield advantage": "Shield Advantage: -6",
      "notes": null
    },
    "Bair": {
      "anim gif-src": "https://rivalsframedata.com/storage/fighter_attacks/small/Wrastor/WrastorBair.gif",
      "Startup": "Startup Window: 5",
      "FaF": "First Active Frame: 6",
      "Active": "Active Frames: 10",
      "Recovery": "Recovery: 22(Landing: 10)",
      "Damage": "Damage: 5(6)",
      "Shield Stun": "Shield Stun: 5",
      "shield advantage": "Shield Advantage: -6",
      "notes": null
    },
    "Fstrong": {
      "anim gif-src": "https://rivalsframedata.com/storage/fighter_attacks/small/Wrastor/WrastorFstrong.gif",
      "Startup": "Startup Window: 10+5(15)",
      "FaF": "First Active Frame: 16",
      "Active": "Active Frames: 4",
      "Recovery": "Recovery: 35 Total",
      "Damage": "Damage: 10(14)",
      "Shield Stun": "Shield Stun: 9(12)",
      "shield advantage": "Shield Advantage: -27(-24)",
      "notes": null
    },
    "Dstrong": {
      "anim gif-src": "https://rivalsframedata.com/storage/fighter_attacks/small/Wrastor/WrastorDstrong.gif",
      "Startup": "Startup Window: 7+4(11)",
      "FaF": "First Active Frame: 12",
      "Active": "Active Frames: 24",
      "Recovery": "Recovery: 5(Landing:24,hit:18)",
      "Damage": "Damage: 11",
      "Shield Stun": "Shield Stun: 11",
      "shield advantage": "Shield Advantage: -8",
      "notes": null
    },
    "Ustrong": {
      "anim gif-src": "https://rivalsframedata.com/storage/fighter_attacks/small/Wrastor/WrastorUstrong.gif",
      "Startup": "Startup Window: 10+6(16)",
      "FaF": "First Active Frame: 17",
      "Active": "Active Frames: 4",
      "Recovery": "Recovery: 32 Total",
      "Damage": "Damage: 9(13)",
      "Shield Stun": "Shield Stun: 8(11)",
      "shield advantage": "Shield Advantage: -25(-22)",
      "notes": null
    },
    "Grab": {
      "anim gif-src": "https://rivalsframedata.com/storage/fighter_attacks/small/Wrastor/WrastorGrab.gif",
      "Startup": "Startup Window: 6",
      "FaF": "First Active Frame:  7",
      "Active": "Active Frames: 2",
      "Recovery": "Recovery: 23",
      "Damage": "Damage: -",
      "Shield Stun": "Shield Stun: -",
      "shield advantage": null,
      "notes": null
    },
    "DashGrab": {
      "anim gif-src": "https://rivalsframedata.com/storage/fighter_attacks/small/Wrastor/WrastorDashGrab.gif",
      "Startup": "Startup Window: 9",
      "FaF": "First Active Frame:  10",
      "Active": "Active Frames: 2",
      "Recovery": "Recovery: 27",
      "Damage": "Damage: -",
      "Shield Stun": "Shield Stun: -",
      "shield advantage": null,
      "notes": null
    },
    "PivotGrab": {
      "anim gif-src": "https://rivalsframedata.com/storage/fighter_attacks/small/Wrastor/WrastorPivotGrab.gif",
      "Startup": "Startup Window: 9",
      "FaF": "First Active Frame:  10",
      "Active": "Active Frames: 2",
      "Recovery": "Recovery: 30",
      "Damage": "Damage: -",
      "Shield Stun": "Shield Stun: -",
      "shield advantage": null,
      "notes": null
    }
  },
  "zetterburn": {
    "jab1": {
      "anim gif-src": "https://rivalsframedata.com/storage/fighter_attacks/small/Zetterburn/ZetterburnJab1.gif",
      "Startup": "Startup Window: 4",
      "FaF": "First Active Frame:  5",
      "Active": "Active Frames: 2",
      "Recovery": "Recovery: 10",
      "Damage": "Damage: 4%",
      "Shield Stun": "Shield Stun: 4",
      "shield advantage": null,
      "notes": null
    },
    "jab2": {
      "anim gif-src": "https://rivalsframedata.com/storage/fighter_attacks/small/Zetterburn/ZetterburnJab2.gif",
      "Startup": "Startup Window: 3",
      "FaF": "First Active Frame:  4",
      "Active": "Active Frames: 2",
      "Recovery": "Recovery: 16",
      "Damage": "Damage: 4%",
      "Shield Stun": "Shield Stun: 4",
      "shield advantage": null,
      "notes": null
    },
    "jab3": {
      "anim gif-src": "https://rivalsframedata.com/storage/fighter_attacks/small/Zetterburn/ZetterburnJab3.gif",
      "Startup": "Startup Window: 5",
      "FaF": "First Active Frame:  6",
      "Active": "Active Frames: 2",
      "Recovery": "Recovery: 17",
      "Damage": "Damage: 6%",
      "Shield Stun": "Shield Stun: 5",
      "shield advantage": null,
      "notes": null
    },
    "Utilt": {
      "anim gif-src": "https://rivalsframedata.com/storage/fighter_attacks/small/Zetterburn/ZetterburnUtilt.gif",
      "Startup": "Startup Window: 8",
      "FaF": "First Active Frame:  9",
      "Active": "Active Frames: 6",
      "Recovery": "Recovery: 16",
      "Damage": "Damage: 6%",
      "Shield Stun": "Shield Stun: 5",
      "shield advantage": null,
      "notes": null
    },
    "Ftilt": {
      "anim gif-src": "https://rivalsframedata.com/storage/fighter_attacks/small/Zetterburn/ZetterburnFtilt.gif",
      "Startup": "Startup Window: 8",
      "FaF": "First Active Frame:  9",
      "Active": "Active Frames: 1,3",
      "Recovery": "Recovery: 18",
      "Damage": "Damage: 4(8)%",
      "Shield Stun": "Shield Stun: 4",
      "shield advantage": null,
      "notes": null
    },
    "Dtilt": {
      "anim gif-src": "https://rivalsframedata.com/storage/fighter_attacks/small/Zetterburn/ZetterburnDtilt.gif",
      "Startup": "Startup Window: 5",
      "FaF": "First Active Frame:  6",
      "Active": "Active Frames: 3",
      "Recovery": "Recovery: 16",
      "Damage": "Damage: 7%",
      "Shield Stun": "Shield Stun: 6",
      "shield advantage": null,
      "notes": null
    },
    "Ustrong": {
      "anim gif-src": "https://rivalsframedata.com/storage/fighter_attacks/small/Zetterburn/ZetterburnUstrong.gif",
      "Startup": "Startup Window: 6+3(9)",
      "FaF": "First Active Frame:  10",
      "Active": "Active Frames: 5",
      "Recovery": "Recovery: 30",
      "Damage": "Damage: 12%",
      "Shield Stun": "Shield Stun: 10",
      "shield advantage": null,
      "notes": null
    },
    "Fstrong": {
      "anim gif-src": "https://rivalsframedata.com/storage/fighter_attacks/small/Zetterburn/ZetterburnFstrong.gif",
      "Startup": "Startup Window: 10+6(16)",
      "FaF": "First Active Frame:  17",
      "Active": "Active Frames: 3,2",
      "Recovery": "Recovery: 30",
      "Damage": "Damage: 4(6)%",
      "Shield Stun": "Shield Stun: 4,5",
      "shield advantage": null,
      "notes": null
    },
    "DStrong1": {
      "anim gif-src": "https://rivalsframedata.com/storage/fighter_attacks/small/Zetterburn/ZetterburnDstrong.gif",
      "Startup": "Startup Window: 4+2(6)",
      "FaF": "First Active Frame:  7",
      "Active": "Active Frames: 2",
      "Recovery": "Recovery: 30",
      "Damage": "Damage: 4,10%",
      "Shield Stun": "Shield Stun: 4,9",
      "shield advantage": "...",
      "notes": null
    },
    "DashAttack": {
      "anim gif-src": "https://rivalsframedata.com/storage/fighter_attacks/small/Zetterburn/ZetterburnDashAttack.gif",
      "Startup": "Startup Window: 9",
      "FaF": "First Active Frame:  10",
      "Active": "Active Frames: 4",
      "Recovery": "Recovery: 18",
      "Damage": "Damage: (4-6)%",
      "Shield Stun": "Shield Stun: (4-5)",
      "shield advantage": "...",
      "notes": null
    },
    "Nspecial": {
      "anim gif-src": "https://rivalsframedata.com/storage/fighter_attacks/small/Zetterburn/ZetterburnNspecial.gif",
      "Startup": "Startup Window: 1(Full Charge: 35)",
      "FaF": "First Active Frame:  2",
      "Active": "Active Frames: 3",
      "Recovery": "Recovery: 20(Charged: 24)",
      "Damage": "Damage: 2(Charged: 10)",
      "Shield Stun": "Shield Stun: (2-9)",
      "shield advantage": "...",
      "notes": null
    },
    "Fspecial": {
      "anim gif-src": "https://rivalsframedata.com/storage/fighter_attacks/small/Zetterburn/ZetterburnFspecial.gif",
      "Startup": "Startup Window: 15",
      "FaF": "First Active Frame:  16",
      "Active": "Active Frames: 1",
      "Recovery": "Recovery: 19",
      "Damage": "Damage: 2",
      "Shield Stun": "Shield Stun: 3,2",
      "shield advantage": "...",
      "notes": null
    },
    "Uspecial": {
      "anim gif-src": "https://rivalsframedata.com/storage/fighter_attacks/small/Zetterburn/ZetterburnUspecial.gif",
      "Startup": "Startup Window: 16",
      "FaF": "First Active Frame:  17",
      "Active": "Active Frames: (Pre-Launch:2,2,2,2,2,2,2)Travel: 24",
      "Recovery": "Recovery: 25(Landing: 15)",
      "Damage": "Shield Stun: (2-5)",
      "Shield Stun": "...",
      "shield advantage": null,
      "notes": null
    },
    "Dspecial": {
      "anim gif-src": "https://rivalsframedata.com/storage/fighter_attacks/small/Zetterburn/ZetterburnDspecial.gif",
      "Startup": "Startup Window: 22",
      "FaF": "First Active Frame:  23",
      "Active": "Active Frames: 3",
      "Recovery": "Recovery: 32",
      "Damage": "Damage: 10",
      "Shield Stun": "Shield Stun: 9",
      "shield advantage": "...",
      "notes": null
    },
    "DspecialAir": {
      "anim gif-src": "https://rivalsframedata.com/storage/fighter_attacks/small/Zetterburn/ZetterburnDspecialAir.gif",
      "Startup": "Startup Window: 22",
      "FaF": "First Active Frame:  23",
      "Active": "Active Frames: (loop: 29)(Landing: 3)",
      "Recovery": "Recovery: (loop: 29)(Landing: 32)",
      "Damage": "Damage: 2(Landing: 10)",
      "Shield Stun": "Shield Stun: 2(6)",
      "shield advantage": "...",
      "notes": null
    },
    "DspecialAir(cancel)": {
      "anim gif-src": "https://rivalsframedata.com/storage/fighter_attacks/small/Zetterburn/ZetterburnDspecialAir(Cancel).gif",
      "Startup": "Startup Window: -",
      "FaF": "First Active Frame:  null",
      "Active": "Active Frames: -",
      "Recovery": "Recovery: 28(Roll: 8+9)",
      "Damage": "Damage: -",
      "Shield Stun": "Shield Stun: -",
      "shield advantage": "...",
      "notes": null
    },
    "Nair": {
      "anim gif-src": "https://rivalsframedata.com/storage/fighter_attacks/small/Zetterburn/ZetterburnNair.gif",
      "Startup": "Startup Window: 5",
      "FaF": "First Active Frame: 6",
      "Active": "Active Frames: 2,2,2,3",
      "Recovery": "Recovery: 12(Landing: 9)",
      "Damage": "Damage: 2,2,2,3",
      "Shield Stun": "Shield Stun: 2,2,2,3",
      "shield advantage": "Shield Advantage: -8, -8, -8, -7",
      "notes": null
    },
    "Uair": {
      "anim gif-src": "https://rivalsframedata.com/storage/fighter_attacks/small/Zetterburn/ZetterburnUair.gif",
      "Startup": "Startup Window: 8",
      "FaF": "First Active Frame: 9",
      "Active": "Active Frames: 4",
      "Recovery": "Recovery: 16(Landing: 10",
      "Damage": "Damage: 5(9)",
      "Shield Stun": "Shield Stun: 5(8)",
      "shield advantage": "Shield Advantage: -6(-3)",
      "notes": null
    },
    "Dair": {
      "anim gif-src": "https://rivalsframedata.com/storage/fighter_attacks/small/Zetterburn/ZetterburnDair.gif",
      "Startup": "Startup Window: 13",
      "FaF": "First Active Frame: 14",
      "Active": "Active Frames: 6",
      "Recovery": "Recovery: 22(Landing: 12)",
      "Damage": "Damage: 12(10)",
      "Shield Stun": "Shield Stun: 9",
      "shield advantage": "Shield Advantage: -4",
      "notes": null
    },
    "Fair": {
      "anim gif-src": "https://rivalsframedata.com/storage/fighter_attacks/small/Zetterburn/ZetterburnFair.gif",
      "Startup": "Startup Window: 10",
      "FaF": "First Active Frame: 11",
      "Active": "Active Frames: 3",
      "Recovery": "Recovery: 18(Landing: 10)",
      "Damage": "Damage: 6(9)",
      "Shield Stun": "Shield Stun: 5(8)",
      "shield advantage": "Shield Advantage: -6(-3)",
      "notes": null
    },
    "Bair": {
      "anim gif-src": "https://rivalsframedata.com/storage/fighter_attacks/small/Zetterburn/ZetterburnBair.gif",
      "Startup": "Startup Window: 9",
      "FaF": "First Active Frame: 10",
      "Active": "Active Frames: 3",
      "Recovery": "Recovery: 12(Landing: 9)",
      "Damage": "Damage: 3",
      "Shield Stun": "Shield Stun: 5",
      "shield advantage": "Shield Advantage: -5",
      "notes": null
    },
    "grab": {
      "anim gif-src": "https://rivalsframedata.com/storage/fighter_attacks/small/Zetterburn/ZetterburnGrab.gif",
      "Startup": "Startup Window: 6",
      "FaF": "First Active Frame:  7",
      "Active": "Active Frames: 2",
      "Recovery": "Recovery: 23",
      "Damage": "Damage: -",
      "Shield Stun": "Shield Stun: -",
      "shield advantage": null,
      "notes": null
    },
    "dashGrab": {
      "anim gif-src": "https://rivalsframedata.com/storage/fighter_attacks/small/Zetterburn/ZetterburnDashGrab.gif",
      "Startup": "Startup Window: 7",
      "FaF": "First Active Frame:  8",
      "Active": "Active Frames: 2",
      "Recovery": "Recovery: 27",
      "Damage": "Damage: -",
      "Shield Stun": "Shield Stun: -",
      "shield advantage": null,
      "notes": null
    },
    "pivotGrab": {
      "anim gif-src": "https://rivalsframedata.com/storage/fighter_attacks/small/Zetterburn/ZetterburnPivotGrab.gif",
      "Startup": "Startup Window: 9",
      "FaF": "First Active Frame:  10",
      "Active": "Active Frames: 2",
      "Recovery": "Recovery: 30",
      "Damage": "Damage: -",
      "Shield Stun": "Shield Stun: -",
      "shield advantage": null,
      "notes": null
    }
  },
  "orcane": {
    "Jab1": {
      "anim gif-src": "https://rivalsframedata.com/storage/fighter_attacks/small/Orcane/OrcaneJab1.gif",
      "Startup": "Startup Window: 4",
      "FaF": "First Active Frame:  5",
      "Active": "Active Frames: 2",
      "Recovery": "Recovery: 16",
      "Damage": "Damage: 3%",
      "Shield Stun": "Shield Stun: 4",
      "shield advantage": null,
      "notes": null
    },
    "Jab2": {
      "anim gif-src": "https://rivalsframedata.com/storage/fighter_attacks/small/Orcane/OrcaneJab2.gif",
      "Startup": "Startup Window: 4",
      "FaF": "First Active Frame:  5",
      "Active": "Active Frames: 2",
      "Recovery": "Recovery: 18",
      "Damage": "Damage: 3%",
      "Shield Stun": "Shield Stun: 4",
      "shield advantage": null,
      "notes": null
    },
    "Jab3": {
      "anim gif-src": "https://rivalsframedata.com/storage/fighter_attacks/small/Orcane/OrcaneJab3.gif",
      "Startup": "Startup Window: 5",
      "FaF": "First Active Frame:  6",
      "Active": "Active Frames: 3",
      "Recovery": "Recovery: 18",
      "Damage": "Damage: 6%",
      "Shield Stun": "Shield Stun: 5",
      "shield advantage": null,
      "notes": null
    },
    "Ftilt": {
      "anim gif-src": "https://rivalsframedata.com/storage/fighter_attacks/small/Orcane/OrcaneFtilt.gif",
      "Startup": "Startup Window: 9",
      "FaF": "First Active Frame:  10",
      "Active": "Active Frames: 3",
      "Recovery": "Recovery: 22",
      "Damage": "Damage: 10%",
      "Shield Stun": "Shield Stun: 9",
      "shield advantage": null,
      "notes": null
    },
    "Utilt": {
      "anim gif-src": "https://rivalsframedata.com/storage/fighter_attacks/small/Orcane/OrcaneUtilt.gif",
      "Startup": "Startup Window: 4",
      "FaF": "First Active Frame:  5",
      "Active": "Active Frames: 2",
      "Recovery": "Recovery: 17",
      "Damage": "Damage: 6%",
      "Shield Stun": "Shield Stun: 5",
      "shield advantage": null,
      "notes": null
    },
    "Dtilt": {
      "anim gif-src": "https://rivalsframedata.com/storage/fighter_attacks/small/Orcane/OrcaneDtilt.gif",
      "Startup": "Startup Window: 6",
      "FaF": "First Active Frame:  7",
      "Active": "Active Frames: 3",
      "Recovery": "Recovery: 16",
      "Damage": "Damage: 9%",
      "Shield Stun": "Shield Stun: 8",
      "shield advantage": null,
      "notes": null
    },
    "Fstrong": {
      "anim gif-src": "https://rivalsframedata.com/storage/fighter_attacks/small/Orcane/OrcaneFstrong.gif",
      "Startup": "Startup Window: 6+7(13)",
      "FaF": "First Active Frame:  14",
      "Active": "Active Frames: 4",
      "Recovery": "Recovery: 26",
      "Damage": "Damage: 9%",
      "Shield Stun": "Shield Stun: 8",
      "shield advantage": null,
      "notes": null
    },
    "UStrong": {
      "anim gif-src": "https://rivalsframedata.com/storage/fighter_attacks/small/Orcane/OrcaneUstrong.gif",
      "Startup": "Startup Window: 6+13(19)",
      "FaF": "First Active Frame:  20",
      "Active": "Active Frames: 8",
      "Recovery": "Recovery: 27",
      "Damage": "Damage: 10%",
      "Shield Stun": "Shield Stun: 9",
      "shield advantage": null,
      "notes": null
    },
    "DStrong": {
      "anim gif-src": "https://rivalsframedata.com/storage/fighter_attacks/small/Orcane/OrcaneDstrong.gif",
      "Startup": "Startup Window: 4+2(6)",
      "FaF": "First Active Frame:  7",
      "Active": "Active Frames: 4",
      "Recovery": "Recovery: 42",
      "Damage": "Damage: 9%",
      "Shield Stun": "Shield Stun: 8",
      "shield advantage": null,
      "notes": null
    },
    "DashAttack": {
      "anim gif-src": "https://rivalsframedata.com/storage/fighter_attacks/small/Orcane/OrcaneDashAttack.gif",
      "Startup": "Startup Window: 7",
      "FaF": "First Active Frame:  8",
      "Active": "Active Frames: 11",
      "Recovery": "Recovery: 20",
      "Damage": "Damage: (5-7)%",
      "Shield Stun": "Shield Stun: (5-6)",
      "shield advantage": null,
      "notes": null
    },
    "Nspecial": {
      "anim gif-src": "https://rivalsframedata.com/storage/fighter_attacks/small/Orcane/OrcaneNspecial.gif",
      "Startup": "Startup Window: 9",
      "FaF": "First Active Frame:  10",
      "Active": "Active Frames: 1",
      "Recovery": "Recovery: 22",
      "Damage": "Damage: 6",
      "Shield Stun": "Shield Stun: 5",
      "shield advantage": "...",
      "notes": null
    },
    "Fspecial": {
      "anim gif-src": "https://rivalsframedata.com/storage/fighter_attacks/small/Orcane/OrcaneFspecial.gif",
      "Startup": "Startup Window: 45",
      "FaF": "First Active Frame:  46",
      "Active": "Active Frames: 3",
      "Recovery": "Recovery: 12(Landing:15)",
      "Damage": "Damage: 8",
      "Shield Stun": "Shield Stun: 7",
      "shield advantage": "...",
      "notes": null
    },
    "Dspecial": {
      "anim gif-src": "https://rivalsframedata.com/storage/fighter_attacks/small/Orcane/OrcaneDspecial.gif",
      "Startup": "Startup Window: 7 + droplet:5(12)",
      "FaF": "First Active Frame:  13",
      "Active": "Active Frames: 1",
      "Recovery": "Recovery: 18",
      "Damage": "Damage: 6",
      "Shield Stun": "Shield Stun: 5",
      "shield advantage": "...",
      "notes": null
    },
    "Dspecial(bubble)": {
      "anim gif-src": "https://rivalsframedata.com/storage/fighter_attacks/small/Orcane/OrcaneDspecial(Bubbles).gif",
      "Startup": "Startup Window: 7",
      "FaF": "First Active Frame:  8",
      "Active": "Active Frames: 1",
      "Recovery": "Recovery: 30",
      "Damage": "Damage: 4+1(per bubble)",
      "Shield Stun": "Shield Stun: 4(per bubble)",
      "shield advantage": "...",
      "notes": null
    },
    "Uspecial": {
      "anim gif-src": "https://rivalsframedata.com/storage/fighter_attacks/small/Orcane/OrcaneUspecial.gif",
      "Startup": "Startup Window: 15",
      "FaF": "First Active Frame:  16",
      "Active": "Active Frames: 7,8",
      "Recovery": "Recovery: 36(Landing:22)",
      "Damage": "Damage: 10(12)",
      "Shield Stun": "Shield Stun: 9(10)",
      "shield advantage": "...",
      "notes": null
    },
    "Nair": {
      "anim gif-src": "https://rivalsframedata.com/storage/fighter_attacks/small/Orcane/OrcaneNair.gif",
      "Startup": "Startup Window: 3",
      "FaF": "First Active Frame: 4",
      "Active": "Active Frames: 10",
      "Recovery": "Recovery: 13(Landing: 7)",
      "Damage": "Damage: (5-7)(bounce: 7)",
      "Shield Stun": "Shield Stun: (5-6)",
      "shield advantage": "Shield Advantage: -3(-2)",
      "notes": null
    },
    "Uair": {
      "anim gif-src": "https://rivalsframedata.com/storage/fighter_attacks/small/Orcane/OrcaneUair.gif",
      "Startup": "Startup Window: 13",
      "FaF": "First Active Frame: 14",
      "Active": "Active Frames: 3,11",
      "Recovery": "Recovery: 12(Landing: 12)",
      "Damage": "Damage: 6(9)",
      "Shield Stun": "Shield Stun: 5(8)",
      "shield advantage": "Shield Advantage: -8(-5)",
      "notes": null
    },
    "Dair": {
      "anim gif-src": "https://rivalsframedata.com/storage/fighter_attacks/small/Orcane/OrcaneDair.gif",
      "Startup": "Startup Window: 8",
      "FaF": "First Active Frame: 9",
      "Active": "Active Frames: 2,2,2,2",
      "Recovery": "Recovery: 15(Landing: 9)",
      "Damage": "Damage: 3,3,3,3",
      "Shield Stun": "Shield Stun: 3,3,3,3",
      "shield advantage": "Shield Advantage: -7, -7, -7, -7",
      "notes": null
    },
    "Fair": {
      "anim gif-src": "https://rivalsframedata.com/storage/fighter_attacks/small/Orcane/OrcaneFair.gif",
      "Startup": "Startup Window: 8(bubbles: 8)",
      "FaF": "First Active Frame: 9",
      "Active": "Active Frames: 16",
      "Recovery": "Recovery: 19(Landing: 16)",
      "Damage": "Damage: (7-9)",
      "Shield Stun": "Shield Stun: (6-8)",
      "shield advantage": "Shield Advantage: -11(-9)",
      "notes": null
    },
    "Bair": {
      "anim gif-src": "https://rivalsframedata.com/storage/fighter_attacks/small/Orcane/OrcaneBair.gif",
      "Startup": "Startup Window: 8",
      "FaF": "First Active Frame: 9",
      "Active": "Active Frames: 3,2",
      "Recovery": "Recovery: 16(Landing: 9)",
      "Damage": "Damage: 6,8",
      "Shield Stun": "Shield Stun: 5,7",
      "shield advantage": "Shield Advantage: -5, -3",
      "notes": null
    },
    "Grab": {
      "anim gif-src": "https://rivalsframedata.com/storage/fighter_attacks/small/Orcane/OrcaneGrab.gif",
      "Startup": "Startup Window: 6",
      "FaF": "First Active Frame:  7",
      "Active": "Active Frames: 2",
      "Recovery": "Recovery: 23",
      "Damage": "Damage: -",
      "Shield Stun": "Shield Stun: -",
      "shield advantage": null,
      "notes": null
    },
    "DashGrab": {
      "anim gif-src": "https://rivalsframedata.com/storage/fighter_attacks/small/Orcane/OrcaneDashGrab.gif",
      "Startup": "Startup Window: 9",
      "FaF": "First Active Frame:  10",
      "Active": "Active Frames: 2",
      "Recovery": "Recovery: 27",
      "Damage": "Damage: -",
      "Shield Stun": "Shield Stun: -",
      "shield advantage": null,
      "notes": null
    },
    "PivotGrab": {
      "anim gif-src": "https://rivalsframedata.com/storage/fighter_attacks/small/Orcane/OrcanePivotGrab.gif",
      "Startup": "Startup Window: 9",
      "FaF": "First Active Frame:  10",
      "Active": "Active Frames: 2",
      "Recovery": "Recovery: 30",
      "Damage": "Damage: -",
      "Shield Stun": "Shield Stun: -",
      "shield advantage": null,
      "notes": null
    }
  },
  "forsburn": {
    "jab1": {
      "anim gif-src": "https://rivalsframedata.com/storage/fighter_attacks/small/Forsburn/jab1.gif",
      "Startup": "Startup Window: 6",
      "FaF": "First Active Frame:  7",
      "Active": "Active Frames: 2",
      "Recovery": "Recovery: 16",
      "Damage": "Damage: 3%",
      "Shield Stun": "Shield Stun: 4",
      "shield advantage": null,
      "notes": null
    },
    "jab2": {
      "anim gif-src": "https://rivalsframedata.com/storage/fighter_attacks/small/Forsburn/jab2.gif",
      "Startup": "Startup Window: 5",
      "FaF": "First Active Frame:  6",
      "Active": "Active Frames: 2",
      "Recovery": "Recovery: 18",
      "Damage": "Damage: 3%",
      "Shield Stun": "Shield Stun: 4",
      "shield advantage": null,
      "notes": null
    },
    "jab3": {
      "anim gif-src": "https://rivalsframedata.com/storage/fighter_attacks/small/Forsburn/jab3.gif",
      "Startup": "Startup Window: 6",
      "FaF": "First Active Frame:  7",
      "Active": "Active Frames: 3",
      "Recovery": "Recovery: 22",
      "Damage": "Damage: 6%",
      "Shield Stun": "Shield Stun: 5",
      "shield advantage": null,
      "notes": null
    },
    "Ftilt": {
      "anim gif-src": "https://rivalsframedata.com/storage/fighter_attacks/small/Forsburn/fTilt.gif",
      "Startup": "Startup Window: 6",
      "FaF": "First Active Frame:  7",
      "Active": "Active Frames: 2,2,3",
      "Recovery": "Recovery: 16",
      "Damage": "Damage: 3,3,5%",
      "Shield Stun": "Shield Stun: 3,3,5",
      "shield advantage": null,
      "notes": null
    },
    "Utilt": {
      "anim gif-src": "https://rivalsframedata.com/storage/fighter_attacks/small/Forsburn/uTilt.gif",
      "Startup": "Startup Window: 9",
      "FaF": "First Active Frame:  10",
      "Active": "Active Frames: 2,2,2",
      "Recovery": "Recovery: 15",
      "Damage": "Damage: 2,2,4%",
      "Shield Stun": "Shield Stun: 2,2,4",
      "shield advantage": null,
      "notes": null
    },
    "Dtilt": {
      "anim gif-src": "https://rivalsframedata.com/storage/fighter_attacks/small/Forsburn/dTilt.gif",
      "Startup": "Startup Window: 6",
      "FaF": "First Active Frame:  7",
      "Active": "Active Frames: 3",
      "Recovery": "Recovery: 18",
      "Damage": "Damage: 7(9)%",
      "Shield Stun": "Shield Stun: 6(8)",
      "shield advantage": null,
      "notes": null
    },
    "Ustrong": {
      "anim gif-src": "https://rivalsframedata.com/storage/fighter_attacks/small/Forsburn/uStrong.gif",
      "Startup": "Startup Window: 10+4(14)",
      "FaF": "First Active Frame:  15",
      "Active": "Active Frames: 6,3",
      "Recovery": "Recovery: 23(dagger:30)",
      "Damage": "Damage: 4,10%",
      "Shield Stun": "Shield Stun: 4(9)",
      "shield advantage": "...",
      "notes": null
    },
    "Fstrong": {
      "anim gif-src": "https://rivalsframedata.com/storage/fighter_attacks/small/Forsburn/fStrong.gif",
      "Startup": "Startup Window: 10+4(14)",
      "FaF": "First Active Frame:  15",
      "Active": "Active Frames: 5,3",
      "Recovery": "Recovery: 27(dagger:30)",
      "Damage": "Damage: 4,10%",
      "Shield Stun": "Shield Stun: 4(7)",
      "shield advantage": "...",
      "notes": null
    },
    "Dstrong": {
      "anim gif-src": "https://rivalsframedata.com/storage/fighter_attacks/small/Forsburn/dStrong.gif",
      "Startup": "Startup Window: 4+4(8)",
      "FaF": "First Active Frame:  9",
      "Active": "Active Frames: 2",
      "Recovery": "Recovery: 40",
      "Damage": "Damage: 13%",
      "Shield Stun": "Shield Stun: 11",
      "shield advantage": null,
      "notes": null
    },
    "DashAttack": {
      "anim gif-src": "https://rivalsframedata.com/storage/fighter_attacks/small/Forsburn",
      "Startup": "Startup Window: 8",
      "FaF": "First Active Frame:  9",
      "Active": "Active Frames: 4",
      "Recovery": "Recovery: 26",
      "Damage": "Damage: 5(8)%",
      "Shield Stun": "Shield Stun: 5(7)",
      "shield advantage": null,
      "notes": null
    },
    "Nspecial": {
      "anim gif-src": "https://rivalsframedata.com/storage/fighter_attacks/small/Forsburn/nSpecial.gif",
      "Startup": "Startup Window: 9",
      "FaF": "First Active Frame:  10",
      "Active": "Active Frames: -",
      "Recovery": "Recovery: 21",
      "Damage": "Damage: -",
      "Shield Stun": "Shield Stun: -",
      "shield advantage": "...",
      "notes": null
    },
    "Fspecial": {
      "anim gif-src": "https://rivalsframedata.com/storage/fighter_attacks/small/Forsburn/fSpecial.gif",
      "Startup": "Startup Window: 14",
      "FaF": "First Active Frame:  15",
      "Active": "Active Frames: -",
      "Recovery": "Recovery: 3",
      "Damage": "Damage: -",
      "Shield Stun": "Shield Stun: -",
      "shield advantage": "...",
      "notes": null
    },
    "Fspecial(Throw)": {
      "anim gif-src": "https://rivalsframedata.com/storage/fighter_attacks/small/Forsburn/fSpecial(Throw).gif",
      "Startup": "Startup Window: 16+5(21)",
      "FaF": "First Active Frame:  22",
      "Active": "Active Frames: 7",
      "Recovery": "Recovery: 28",
      "Damage": "Damage: 6",
      "Shield Stun": "Shield Stun: 5",
      "shield advantage": null,
      "notes": null
    },
    "Dspecial(Consume)": {
      "anim gif-src": "https://rivalsframedata.com/storage/fighter_attacks/small/Forsburn/dSpecial(consume).gif",
      "Startup": "Startup Window: 8",
      "FaF": "First Active Frame:  9",
      "Active": "Active Frames: 10",
      "Recovery": "Recovery: 24",
      "Damage": "Damage: -",
      "Shield Stun": "Shield Stun: -",
      "shield advantage": "...",
      "notes": null
    },
    "Dspecial(Combust)": {
      "anim gif-src": "https://rivalsframedata.com/storage/fighter_attacks/small/Forsburn/dSpecial(combust).gif",
      "Startup": "Startup Window: 10",
      "FaF": "First Active Frame:  11",
      "Active": "Active Frames: 5",
      "Recovery": "Recovery: 20",
      "Damage": "Damage: 10",
      "Shield Stun": "Shield Stun: 9",
      "shield advantage": "...",
      "notes": null
    },
    "Dspecial(Clone)": {
      "anim gif-src": "https://rivalsframedata.com/storage/fighter_attacks/small/Forsburn/dSpecial(clone).gif",
      "Startup": "Startup Window: 4",
      "FaF": "First Active Frame:  5",
      "Active": "Active Frames: 4(Full Charges: 5)",
      "Recovery": "Recovery: 0",
      "Damage": "Damage: 8(Full Charges: 12)",
      "Shield Stun": "Shield Stun: 7(10)",
      "shield advantage": null,
      "notes": null
    },
    "Uspecial": {
      "anim gif-src": "https://rivalsframedata.com/storage/fighter_attacks/small/Forsburn/uSpecial.gif",
      "Startup": "Startup Window: 43",
      "FaF": "First Active Frame:  44",
      "Active": "Active Frames: 5",
      "Recovery": "Recovery: 30(Landing: 20)",
      "Damage": "Damage: 8",
      "Shield Stun": "Shield Stun: 7",
      "shield advantage": null,
      "notes": null
    },
    "Nair": {
      "anim gif-src": "https://rivalsframedata.com/storage/fighter_attacks/small/Forsburn/nair.gif",
      "Startup": "Startup Window: 6",
      "FaF": "First Active Frame: 7",
      "Active": "Active Frames: 3,3,3",
      "Recovery": "Recovery: 16 (landing:10)",
      "Damage": "Damage: 2,2,4",
      "Shield Stun": "Shield Stun: 2,2,4",
      "shield advantage": "Shield Advantage: -9, -9, -7",
      "notes": null
    },
    "Uair": {
      "anim gif-src": "https://rivalsframedata.com/storage/fighter_attacks/small/Forsburn/upair.gif",
      "Startup": "Startup Window: 7",
      "FaF": "First Active Frame: 8",
      "Active": "Active Frames: 10",
      "Recovery": "Recovery: 20 (landing: 11)",
      "Damage": "Damage: 7",
      "Shield Stun": "Shield Stun: 5(6)",
      "shield advantage": "Shield Advantage: -7(-6)",
      "notes": null
    },
    "Dair": {
      "anim gif-src": "https://rivalsframedata.com/storage/fighter_attacks/small/Forsburn/dair.gif",
      "Startup": "Startup Window: 11",
      "FaF": "First Active Frame: 12",
      "Active": "Active Frames: 5",
      "Recovery": "Recovery: 21 (Landing: 12)",
      "Damage": "Damage: 10(13)",
      "Shield Stun": "Shield Stun: 9(11)",
      "shield advantage": "Shield Advantage: -4(-2)",
      "notes": null
    },
    "Fair": {
      "anim gif-src": "https://rivalsframedata.com/storage/fighter_attacks/small/Forsburn/fair.gif",
      "Startup": "Startup Window: 6",
      "FaF": "First Active Frame: 7",
      "Active": "Active Frames: 3",
      "Recovery": "Recovery: 11 (landing: 9)",
      "Damage": "Damage: 6",
      "Shield Stun": "Shield Stun: 5",
      "shield advantage": "Shield Advantage: -5",
      "notes": null
    },
    "Bair": {
      "anim gif-src": "https://rivalsframedata.com/storage/fighter_attacks/small/Forsburn/bair.gif",
      "Startup": "Startup Window: 13",
      "FaF": "First Active Frame: 14",
      "Active": "Active Frames: 14",
      "Recovery": "Recovery: 12 (landing: 11)",
      "Damage": "Damage: 4(13)",
      "Shield Stun": "Shield Stun: 4(11)",
      "shield advantage": "Shield Advantage: -8(-1)",
      "notes": null
    },
    "Grab": {
      "anim gif-src": "https://rivalsframedata.com/storage/fighter_attacks/small/Forsburn/grab.gif",
      "Startup": "Startup Window: 6",
      "FaF": "First Active Frame:  7",
      "Active": "Active Frames: 2",
      "Recovery": "Recovery: 23",
      "Damage": "Damage: -",
      "Shield Stun": "Shield Stun: -",
      "shield advantage": null,
      "notes": null
    },
    "DashGrab": {
      "anim gif-src": "https://rivalsframedata.com/storage/fighter_attacks/small/Forsburn/dashgrab.gif",
      "Startup": "Startup Window: 9",
      "FaF": "First Active Frame:  10",
      "Active": "Active Frames: 2",
      "Recovery": "Recovery: 27",
      "Damage": "Damage: -",
      "Shield Stun": "Shield Stun: -",
      "shield advantage": null,
      "notes": null
    },
    "PivotGrab": {
      "anim gif-src": "https://rivalsframedata.com/storage/fighter_attacks/small/Forsburn/pivotgrab.gif",
      "Startup": "Startup Window: 9",
      "FaF": "First Active Frame:  10",
      "Active": "Active Frames: 2",
      "Recovery": "Recovery: 30",
      "Damage": "Damage: -",
      "Shield Stun": "Shield Stun: -",
      "shield advantage": null,
      "notes": null
    }
  }
}